pair,entry_time,exit_time,entry_price,exit_price,profit_pct,profit_usd,hold_hours,max_profit_pct,max_adverse_pct,exit_reason,entry_tag
NFP/USDT,2026-06-05T11:30:00+00:00,2026-06-05T11:35:00+00:00,0.008677,0.00902408,-4.407999999999992,-0.044079999999999925,0.08333333333333333,0.5329625767582113,10.29157542929584,stop_or_ratchet,inverse_breakout_short
NFP/USDT,2026-06-05T14:55:00+00:00,2026-06-05T15:00:00+00:00,0.010059,0.010461360000000001,-4.408000000000004,-0.044080000000000036,0.08333333333333333,0.9939759036144524,10.219703747887454,stop_or_ratchet,inverse_breakout_short
USELESS/USDT,2026-06-24T14:30:00+00:00,2026-06-24T23:20:00+00:00,0.0727,0.0727,-0.4,-0.004,8.833333333333334,11.880578639581408,0.7152682255845866,stop_or_ratchet,inverse_breakout_short
ESPORTS/USDT,2026-06-25T07:25:00+00:00,2026-06-25T08:05:00+00:00,0.04112,0.03879245283018867,5.271698113207568,0.05271698113207568,0.6666666666666666,15.182072829131643,2.115758754863828,stop_or_ratchet,inverse_breakout_short
BAS/USDT,2026-06-25T09:05:00+00:00,2026-06-25T09:15:00+00:00,0.053149,0.053149,-0.4000000000000111,-0.004000000000000111,0.16666666666666666,8.46734693877551,1.4769798114734112,stop_or_ratchet,inverse_breakout_short
AIN/USDT,2026-06-25T10:10:00+00:00,2026-06-25T10:20:00+00:00,0.07677,0.0798408,-4.407999999999992,-0.044079999999999925,0.16666666666666666,0.07821666014862227,4.207372671616505,stop_or_ratchet,inverse_breakout_short
MITO/USDT,2026-06-24T14:25:00+00:00,2026-06-25T14:25:00+00:00,0.02926,0.02562,12.065071770334903,0.12065071770334904,24.0,25.417916845263623,0.13670539986327945,time_take_profit,inverse_breakout_short
IP/USDT,2026-06-25T15:00:00+00:00,2026-06-25T17:05:00+00:00,0.3379,0.3379,-0.4,-0.004,2.0833333333333335,12.670890296765581,3.788102989050035,stop_or_ratchet,inverse_breakout_short
AIN/USDT,2026-06-25T14:35:00+00:00,2026-06-25T18:00:00+00:00,0.08279,0.0861016,-4.408000000000004,-0.044080000000000036,3.4166666666666665,2.7553680029787753,4.010146152917016,stop_or_ratchet,inverse_breakout_short
IP/USDT,2026-06-25T18:00:00+00:00,2026-06-25T20:15:00+00:00,0.3548,0.36899200000000004,-4.408000000000004,-0.044080000000000036,2.25,4.6916494541162646,4.312288613303261,stop_or_ratchet,inverse_breakout_short
BAS/USDT,2026-06-25T10:10:00+00:00,2026-06-26T00:35:00+00:00,0.054265,0.04718695652173913,12.669565217391318,0.12669565217391318,14.416666666666666,44.91147488450342,3.1954298350686416,stop_or_ratchet,inverse_breakout_short
WLFI/USDT,2026-06-25T06:15:00+00:00,2026-06-26T06:15:00+00:00,0.061,0.05716,5.907672131147516,0.05907672131147516,24.0,7.6977401129943335,1.8360655737704956,time_take_profit,inverse_breakout_short
AIN/USDT,2026-06-26T04:35:00+00:00,2026-06-26T06:50:00+00:00,0.11288,0.10649056603773584,5.271698113207545,0.05271698113207546,2.25,20.947176684881597,2.7639971651311157,stop_or_ratchet,inverse_breakout_short
UB/USDT,2026-06-26T09:45:00+00:00,2026-06-26T09:50:00+00:00,0.08255,0.085852,-4.408000000000004,-0.044080000000000036,0.08333333333333333,0.0,7.1350696547547,stop_or_ratchet,inverse_breakout_short
ARIA/USDT,2026-06-26T09:05:00+00:00,2026-06-26T12:15:00+00:00,0.02588,0.0269152,-4.407999999999992,-0.044079999999999925,3.1666666666666665,1.8095987411486991,4.0185471406491535,stop_or_ratchet,inverse_breakout_short
MAGMA/USDT,2026-06-26T12:55:00+00:00,2026-06-26T13:00:00+00:00,0.61866,0.6434064,-4.408000000000015,-0.04408000000000015,0.08333333333333333,0.0,8.676817638121115,stop_or_ratchet,inverse_breakout_short
PRO/USDT,2026-06-25T13:40:00+00:00,2026-06-26T13:40:00+00:00,0.3836,0.3411,10.70140771637122,0.1070140771637122,24.0,13.457556935817806,0.0,time_take_profit,inverse_breakout_short
B/USDT,2026-06-26T11:25:00+00:00,2026-06-26T16:15:00+00:00,0.23605,0.24549200000000002,-4.408000000000004,-0.044080000000000036,4.833333333333333,4.655287076036352,5.172632916754916,stop_or_ratchet,inverse_breakout_short
VELVET/USDT,2026-06-26T16:20:00+00:00,2026-06-26T17:40:00+00:00,0.66677,0.66677,-0.4,-0.004,1.3333333333333333,9.694985522505917,0.829371447425653,stop_or_ratchet,inverse_breakout_short
USELESS/USDT,2026-06-26T14:00:00+00:00,2026-06-27T03:35:00+00:00,0.07848,0.0816192,-4.408000000000004,-0.044080000000000036,13.583333333333334,3.7134927976741006,4.1539245667685964,stop_or_ratchet,inverse_breakout_short
STBL/USDT,2026-06-26T16:10:00+00:00,2026-06-27T04:10:00+00:00,0.02378,0.02383,-0.6106812447434783,-0.006106812447434783,12.0,1.2776831345826078,3.0277544154752034,stale_no_followthrough,inverse_breakout_short
NAORIS/USDT,2026-06-26T12:00:00+00:00,2026-06-27T04:55:00+00:00,0.03826,0.039790400000000004,-4.408000000000015,-0.04408000000000015,16.916666666666668,4.535519125683063,4.469419759539983,stop_or_ratchet,inverse_breakout_short
VELVET/USDT,2026-06-27T09:20:00+00:00,2026-06-27T09:25:00+00:00,1.01968,1.0604672,-4.408000000000004,-0.044080000000000036,0.08333333333333333,0.0,7.328769810136526,stop_or_ratchet,inverse_breakout_short
KGEN/USDT,2026-06-26T03:45:00+00:00,2026-06-27T09:45:00+00:00,0.18507,0.1919,-4.097876479170033,-0.04097876479170033,30.0,4.364743698189821,3.912033284703087,failed_short,inverse_breakout_short
AIA/USDT,2026-06-27T09:45:00+00:00,2026-06-27T10:05:00+00:00,0.05361,0.0557544,-4.408000000000004,-0.044080000000000036,0.3333333333333333,1.3613159387407814,4.458123484424559,stop_or_ratchet,inverse_breakout_short
PIEVERSE/USDT,2026-06-27T12:15:00+00:00,2026-06-27T15:10:00+00:00,0.7734,0.804336,-4.408000000000015,-0.04408000000000015,2.9166666666666665,2.7364505844845954,5.301267132143783,stop_or_ratchet,inverse_breakout_short
STG/USDT,2026-06-26T20:35:00+00:00,2026-06-27T18:45:00+00:00,0.1751,0.1751,-0.4000000000000111,-0.004000000000000111,22.166666666666668,10.963244613434743,2.7412906910337043,stop_or_ratchet,inverse_breakout_short
EIGEN/USDT,2026-06-27T12:55:00+00:00,2026-06-28T00:10:00+00:00,0.2326,0.2415,-4.233963886500427,-0.04233963886500427,11.25,0.17226528854437095,3.8263112639724817,failed_short,inverse_breakout_short
CYS/USDT,2026-06-27T22:10:00+00:00,2026-06-28T02:30:00+00:00,0.3358,0.349232,-4.408000000000004,-0.044080000000000036,4.333333333333333,1.4808099123602148,4.020250148898152,stop_or_ratchet,inverse_breakout_short
BAS/USDT,2026-06-28T06:25:00+00:00,2026-06-28T06:55:00+00:00,0.051099,0.05314296,-4.408000000000004,-0.044080000000000036,0.5,1.912644595133628,4.344507720307633,stop_or_ratchet,inverse_breakout_short
OPN/USDT,2026-06-28T03:15:00+00:00,2026-06-28T08:50:00+00:00,0.06503,0.0676312,-4.408000000000004,-0.044080000000000036,5.583333333333333,1.6888193901485549,4.966938336152538,stop_or_ratchet,inverse_breakout_short
GRASS/USDT,2026-06-27T07:45:00+00:00,2026-06-28T12:55:00+00:00,0.5157,0.4958,3.4665503199534613,0.03466550319953461,29.166666666666668,6.659772492244076,3.432228039557872,time_take_profit,inverse_breakout_short
EDGEX/USDT,2026-06-27T13:30:00+00:00,2026-06-28T13:30:00+00:00,0.3112,0.2906,6.232776349614387,0.06232776349614386,24.0,7.718933887158186,2.3778920308483276,time_take_profit,inverse_breakout_short
OPN/USDT,2026-06-28T09:05:00+00:00,2026-06-28T15:30:00+00:00,0.06903,0.06903,-0.4,-0.004,6.416666666666667,10.41266794625717,0.26075619295957697,stop_or_ratchet,inverse_breakout_short
SPX/USDT,2026-06-27T15:40:00+00:00,2026-06-28T21:45:00+00:00,0.3477,0.334,3.5480586712683206,0.035480586712683206,30.083333333333332,4.1017964071856206,0.6614897900488748,time_take_profit,inverse_breakout_short
ROBO/USDT,2026-06-28T07:10:00+00:00,2026-06-29T07:10:00+00:00,0.017913,0.016854,5.5237313682800036,0.055237313682800035,24.0,7.4565086982603335,1.8757327080891173,time_take_profit,inverse_breakout_short
FARTCOIN/USDT,2026-06-29T01:45:00+00:00,2026-06-29T10:25:00+00:00,0.13685,0.142324,-4.408000000000004,-0.044080000000000036,8.666666666666666,4.020979020979021,4.888564121300698,stop_or_ratchet,inverse_breakout_short
B2/USDT,2026-06-29T07:45:00+00:00,2026-06-29T12:00:00+00:00,0.5433,0.565032,-4.408000000000004,-0.044080000000000036,4.25,0.0,4.141358365543901,stop_or_ratchet,inverse_breakout_short
ZORA/USDT,2026-06-28T13:30:00+00:00,2026-06-29T13:30:00+00:00,0.007822,0.007239,7.068243416006152,0.07068243416006152,24.0,10.527059488483825,0.0,time_take_profit,inverse_breakout_short
OPN/USDT,2026-06-28T15:35:00+00:00,2026-06-29T15:35:00+00:00,0.0692,0.06374,7.50595375722542,0.0750595375722542,24.0,11.955994175699725,0.0,time_take_profit,inverse_breakout_short
ORDI/USDT,2026-06-29T15:30:00+00:00,2026-06-29T15:40:00+00:00,3.819,3.97176,-4.408000000000015,-0.04408000000000015,0.16666666666666666,0.05239717055278703,4.215763288819074,stop_or_ratchet,inverse_breakout_short
ENSO/USDT,2026-06-29T16:00:00+00:00,2026-06-29T16:50:00+00:00,0.6331,0.658424,-4.408000000000004,-0.044080000000000036,0.8333333333333334,0.0,4.090980887695461,stop_or_ratchet,inverse_breakout_short
H/USDT,2026-06-29T16:20:00+00:00,2026-06-29T17:50:00+00:00,0.0672,0.06988799999999999,-4.407999999999992,-0.044079999999999925,1.5,2.736584620088678,4.508928571428572,stop_or_ratchet,inverse_breakout_short
H/USDT,2026-06-29T18:30:00+00:00,2026-06-29T19:10:00+00:00,0.07299,0.07590960000000001,-4.408000000000004,-0.044080000000000036,0.6666666666666666,2.3846261747790587,4.301959172489389,stop_or_ratchet,inverse_breakout_short
COAI/USDT,2026-06-29T12:15:00+00:00,2026-06-29T21:55:00+00:00,0.3086,0.3086,-0.4000000000000111,-0.004000000000000111,9.666666666666666,14.508348794063064,5.314322747893718,stop_or_ratchet,inverse_breakout_short
KAS/USDT,2026-06-29T18:35:00+00:00,2026-06-30T00:05:00+00:00,0.02945,0.03058,-4.24468590831919,-0.0424468590831919,5.5,0.3749147920927065,3.837011884550079,failed_short,inverse_breakout_short
BTR/USDT,2026-06-28T13:30:00+00:00,2026-06-30T01:30:00+00:00,0.01996,0.01989,-0.048597194388791135,-0.0004859719438879114,36.0,7.6591154261057115,2.8056112224448926,max_hold,inverse_breakout_short
TAG/USDT,2026-06-29T11:30:00+00:00,2026-06-30T11:30:00+00:00,0.00107,0.0009849,7.569177570093453,0.07569177570093454,24.0,10.491532424617933,3.7663551401869277,time_take_profit,inverse_breakout_short
VVV/USDT,2026-06-29T19:30:00+00:00,2026-06-30T19:30:00+00:00,13.7603,12.3804,9.648180635596614,0.09648180635596613,24.0,12.96156435220912,0.2710696714461003,time_take_profit,inverse_breakout_short
CYS/USDT,2026-06-30T20:10:00+00:00,2026-06-30T20:35:00+00:00,0.3637,0.37824800000000003,-4.408000000000004,-0.044080000000000036,0.4166666666666667,1.393922497909128,6.048941435248811,stop_or_ratchet,inverse_breakout_short
HIGH/USDT,2026-06-29T22:40:00+00:00,2026-06-30T22:40:00+00:00,0.04535,0.03681,18.468974641675846,0.18468974641675848,24.0,29.831090752934443,0.0,time_take_profit,inverse_breakout_short
BSV/USDT,2026-07-01T00:05:00+00:00,2026-07-01T03:25:00+00:00,13.08,13.603200000000001,-4.408000000000015,-0.04408000000000015,3.3333333333333335,1.631701631701632,7.18654434250765,stop_or_ratchet,inverse_breakout_short
DYDX/USDT,2026-07-01T04:00:00+00:00,2026-07-01T04:05:00+00:00,0.20705,0.21533200000000002,-4.408000000000004,-0.044080000000000036,0.08333333333333333,0.0,11.37406423569185,stop_or_ratchet,inverse_breakout_short
MEGA/USDT,2026-06-30T04:30:00+00:00,2026-07-01T04:30:00+00:00,0.05098,0.04668,8.051549627304842,0.08051549627304842,24.0,15.313277539018323,1.8438603373872153,time_take_profit,inverse_breakout_short
KGEN/USDT,2026-06-30T09:15:00+00:00,2026-07-01T09:15:00+00:00,0.22335,0.19507,12.287065144392221,0.1228706514439222,24.0,16.47371714643302,2.6012984105663772,time_take_profit,inverse_breakout_short
EPIC/USDT,2026-07-01T10:15:00+00:00,2026-07-01T11:05:00+00:00,0.4504,0.46841600000000005,-4.408000000000004,-0.044080000000000036,0.8333333333333334,1.0318528488111323,5.284191829484897,stop_or_ratchet,inverse_breakout_short
BAS/USDT,2026-07-01T12:00:00+00:00,2026-07-01T12:20:00+00:00,0.054886,0.05708144,-4.408000000000004,-0.044080000000000036,0.3333333333333333,0.5072423959420647,5.11423678169296,stop_or_ratchet,inverse_breakout_short
PRO/USDT,2026-06-30T12:40:00+00:00,2026-07-01T12:40:00+00:00,0.3703,0.346,6.175371320550917,0.06175371320550917,24.0,8.847736625514413,0.7831487982716601,time_take_profit,inverse_breakout_short
ADA/USDT,2026-07-01T04:30:00+00:00,2026-07-01T16:30:00+00:00,0.15236,0.15533,-2.353229194014176,-0.02353229194014176,12.0,2.4200053777897246,3.728012601732744,stale_no_followthrough,inverse_breakout_short
B/USDT,2026-07-01T18:10:00+00:00,2026-07-01T20:05:00+00:00,0.23273,0.2420392,-4.408000000000004,-0.044080000000000036,1.9166666666666667,0.605196040288769,6.471017917758792,stop_or_ratchet,inverse_breakout_short
VSN/USDT,2026-07-01T00:15:00+00:00,2026-07-02T00:15:00+00:00,0.03587,0.03268,8.511011987733486,0.08511011987733486,24.0,14.272061165976414,0.0,time_take_profit,inverse_breakout_short
