pair,entry_time,exit_time,entry_price,exit_price,profit_pct,profit_usd,hold_hours,max_profit_pct,exit_reason,entry_tag
NFP/USDT,2026-06-05T11:30:00+00:00,2026-06-05T11:35:00+00:00,0.008677,0.008677,-0.4,-0.004,0.08333333333333333,10.29157542929584,stop_or_ratchet,demon_breakout
NFP/USDT,2026-06-05T14:55:00+00:00,2026-06-05T15:00:00+00:00,0.010059,0.010059,-0.4,-0.004,0.08333333333333333,10.219703747887454,stop_or_ratchet,demon_breakout
MITO/USDT,2026-06-24T14:25:00+00:00,2026-06-24T15:35:00+00:00,0.02926,0.0269192,-8.384000000000007,-0.08384000000000007,1.1666666666666667,0.13670539986327945,stop_or_ratchet,demon_breakout
USELESS/USDT,2026-06-24T14:30:00+00:00,2026-06-24T16:50:00+00:00,0.0727,0.066884,-8.383999999999995,-0.08383999999999996,2.3333333333333335,0.0,stop_or_ratchet,demon_breakout
ESPORTS/USDT,2026-06-25T07:25:00+00:00,2026-06-25T08:05:00+00:00,0.04112,0.0378304,-8.383999999999995,-0.08383999999999996,0.6666666666666666,2.115758754863828,stop_or_ratchet,demon_breakout
BAS/USDT,2026-06-25T09:05:00+00:00,2026-06-25T11:00:00+00:00,0.053149,0.04889708,-8.384000000000007,-0.08384000000000007,1.9166666666666667,5.36228339197351,stop_or_ratchet,demon_breakout
PRO/USDT,2026-06-25T13:40:00+00:00,2026-06-25T16:25:00+00:00,0.3836,0.352912,-8.384000000000007,-0.08384000000000007,2.75,0.0,stop_or_ratchet,demon_breakout
IP/USDT,2026-06-25T15:00:00+00:00,2026-06-25T17:00:00+00:00,0.3379,0.310868,-8.383999999999995,-0.08383999999999996,2.0,2.337969813554319,stop_or_ratchet,demon_breakout
WLFI/USDT,2026-06-25T06:15:00+00:00,2026-06-25T18:15:00+00:00,0.061,0.0595,-2.854098360655752,-0.02854098360655752,12.0,1.8360655737704956,stale_no_followthrough,demon_breakout
BOB/USDT,2026-06-25T15:10:00+00:00,2026-06-26T03:10:00+00:00,0.00511,0.004942,-3.681095890410946,-0.03681095890410946,12.0,0.5088062622309097,stale_no_followthrough,demon_breakout
IP/USDT,2026-06-25T18:00:00+00:00,2026-06-26T04:20:00+00:00,0.3548,0.39028,9.580000000000009,0.0958000000000001,10.333333333333334,21.251409244644883,stop_or_ratchet,demon_breakout
AIN/USDT,2026-06-25T10:10:00+00:00,2026-06-26T05:50:00+00:00,0.07677,0.0959625,24.55,0.2455,19.666666666666668,51.100690373843946,stop_or_ratchet,demon_breakout
UB/USDT,2026-06-26T09:45:00+00:00,2026-06-26T10:45:00+00:00,0.08255,0.075946,-8.383999999999995,-0.08383999999999996,1.0,8.237431859479095,stop_or_ratchet,demon_breakout
MAGMA/USDT,2026-06-26T12:55:00+00:00,2026-06-26T16:10:00+00:00,0.61866,0.6805260000000001,9.580000000000009,0.0958000000000001,3.25,22.27071412407462,stop_or_ratchet,demon_breakout
B/USDT,2026-06-26T11:25:00+00:00,2026-06-27T10:10:00+00:00,0.23605,0.23605,-0.4000000000000111,-0.004000000000000111,22.75,12.255877991950847,stop_or_ratchet,demon_breakout
NAORIS/USDT,2026-06-26T12:00:00+00:00,2026-06-27T10:45:00+00:00,0.03826,0.03826,-0.4000000000000111,-0.004000000000000111,22.75,13.930998431782516,stop_or_ratchet,demon_breakout
ARIA/USDT,2026-06-26T09:05:00+00:00,2026-06-27T21:05:00+00:00,0.02588,0.02593,-0.20718701700153586,-0.0020718701700153585,36.0,8.500772797527056,stale_weak,demon_breakout
PIEVERSE/USDT,2026-06-27T12:15:00+00:00,2026-06-27T22:00:00+00:00,0.7734,0.7734,-0.4000000000000111,-0.004000000000000111,9.75,10.460305146108094,stop_or_ratchet,demon_breakout
KGEN/USDT,2026-06-26T03:45:00+00:00,2026-06-28T14:30:00+00:00,0.18507,0.20357700000000004,9.580000000000009,0.0958000000000001,58.75,25.514670124817627,stop_or_ratchet,demon_breakout
STBL/USDT,2026-06-26T16:10:00+00:00,2026-06-28T17:15:00+00:00,0.02378,0.02494,4.468292682926833,0.04468292682926833,49.083333333333336,11.143818334735078,stale_weak,demon_breakout
EIGEN/USDT,2026-06-27T12:55:00+00:00,2026-06-29T00:55:00+00:00,0.2326,0.234,0.2006878761822832,0.002006878761822832,36.0,6.921754084264831,stale_weak,demon_breakout
BRETT/USDT,2026-06-28T14:35:00+00:00,2026-06-29T02:35:00+00:00,0.005553,0.005335,-4.317954258959116,-0.043179542589591155,12.0,0.288132540968844,stale_no_followthrough,demon_breakout
CYS/USDT,2026-06-27T22:10:00+00:00,2026-06-29T10:10:00+00:00,0.3358,0.3323,-1.4402025014889888,-0.014402025014889887,36.0,7.742703990470523,stale_weak,demon_breakout
TAG/USDT,2026-06-29T11:30:00+00:00,2026-06-29T14:40:00+00:00,0.00107,0.0009844,-8.383999999999995,-0.08383999999999996,3.1666666666666665,3.7663551401869277,stop_or_ratchet,demon_breakout
OPN/USDT,2026-06-28T03:15:00+00:00,2026-06-29T15:15:00+00:00,0.06503,0.0633,-3.0549900046132734,-0.030549900046132734,36.0,6.520067661079487,stale_weak,demon_breakout
ORDI/USDT,2026-06-29T15:30:00+00:00,2026-06-29T21:20:00+00:00,3.819,3.819,-0.4000000000000111,-0.004000000000000111,5.833333333333333,14.349306101073589,stop_or_ratchet,demon_breakout
HIGH/USDT,2026-06-29T22:40:00+00:00,2026-06-30T00:25:00+00:00,0.04535,0.041722,-8.383999999999995,-0.08383999999999996,1.75,0.0,stop_or_ratchet,demon_breakout
B2/USDT,2026-06-29T07:45:00+00:00,2026-06-30T13:05:00+00:00,0.5433,0.499836,-8.384000000000007,-0.08384000000000007,29.333333333333332,4.214982514264687,stop_or_ratchet,demon_breakout
FARTCOIN/USDT,2026-06-29T01:45:00+00:00,2026-06-30T13:45:00+00:00,0.13685,0.13606,-0.9761198392400481,-0.00976119839240048,36.0,7.292656192911928,stale_weak,demon_breakout
ORCA/USDT,2026-06-29T04:25:00+00:00,2026-06-30T16:25:00+00:00,1.2241,1.1691,-4.884110775263456,-0.04884110775263456,36.0,7.0174005391716365,stale_weak,demon_breakout
MEGA/USDT,2026-06-30T04:30:00+00:00,2026-06-30T16:30:00+00:00,0.05098,0.04704,-8.113063946645733,-0.08113063946645732,12.0,1.8438603373872153,stale_no_followthrough,demon_breakout
PYTH/USDT,2026-06-30T13:05:00+00:00,2026-06-30T19:15:00+00:00,0.03816,0.03816,-0.4,-0.004,6.166666666666667,12.78825995807129,stop_or_ratchet,demon_breakout
RIF/USDT,2026-06-30T16:45:00+00:00,2026-06-30T19:15:00+00:00,0.09322,0.0857624,-8.383999999999984,-0.08383999999999985,2.5,2.0489165415147115,stop_or_ratchet,demon_breakout
SKR/USDT,2026-06-30T14:15:00+00:00,2026-07-01T02:15:00+00:00,0.008981,0.008598,-4.656029395390266,-0.046560293953902654,12.0,0.623538581449723,stale_no_followthrough,demon_breakout
B2/USDT,2026-06-30T19:20:00+00:00,2026-07-01T03:45:00+00:00,0.5412,0.497904,-8.384000000000007,-0.08384000000000007,8.416666666666666,1.4966740576496607,stop_or_ratchet,demon_breakout
ENSO/USDT,2026-06-29T16:00:00+00:00,2026-07-01T04:00:00+00:00,0.6331,0.6255,-1.5980413836676748,-0.015980413836676748,36.0,5.291423155899544,stale_weak,demon_breakout
DYDX/USDT,2026-07-01T04:00:00+00:00,2026-07-01T07:05:00+00:00,0.20705,0.20705,-0.4,-0.004,3.0833333333333335,18.328906061337836,stop_or_ratchet,demon_breakout
ATH/USDT,2026-07-01T04:05:00+00:00,2026-07-01T16:05:00+00:00,0.004358,0.004386,0.24121156493804255,0.0024121156493804256,12.0,1.2391005048187242,stale_no_followthrough,demon_breakout
CYS/USDT,2026-06-30T20:10:00+00:00,2026-07-01T19:30:00+00:00,0.3637,0.334604,-8.384000000000007,-0.08384000000000007,23.333333333333332,7.231234533956554,stop_or_ratchet,demon_breakout
