pre_bars,pre_open,pre_close,pre_change_pct,pre_high,pre_low,pre_range_pct,pre_volatility,pre_total_volume,pre_mean_volume,pre_volume_std,pre_volume_skew,volume_ratio_last1h_vs_avg,sma12_slope,staircase_score,volume_staircase_score,range_compression_ratio,symbol,pump_day,pump_gain_pct,pump_start_time,is_moji
72,0.3245,0.3201,-1.3559322033898351,0.3256,0.3084,5.57717250324254,0.06853080525614678,211365.19,2935.627638888889,7581.63512224009,4.502080588971028,0.040149710899571193,2.1930761833529298,0.6,0.2,0.8669355021114308,SPX_USDT,2026-06-26,3.821263482280421,2026-06-26 06:00:00+00:00,False
72,0.5985,0.6059,1.2364243943191249,0.6229,0.5942,4.830023561090552,0.05656971681373922,130755.25999999998,1816.0452777777775,2971.362503021213,3.544670440393335,0.7652612340910543,0.9070169374351992,0.6,0.4,1.3657259133747996,AKT_USDT,2026-07-01,4.076858813700915,2026-07-01 06:00:00+00:00,False
72,0.3618,0.3618,0.0,0.3618,0.3618,0.0,0.0,0.0,0.0,0.0,0.0,0.0,0.0,1.0,1.0,0.0,CHEEL_USDT,2026-07-01,1.934770591487011,2026-07-01 06:00:00+00:00,False
72,0.001414,0.0014351,1.4922206506364941,0.0014774,0.0013584,8.760306242638395,0.08422172282641872,459814755.0,6386316.041666667,9993941.133687848,2.728379403071714,0.38151404612605394,2.380966546289609,0.6,0.2,0.908091305387123,PUMP_USDT,2026-07-01,7.765205091937778,2026-07-01 06:00:00+00:00,False
72,0.03131,0.03088,-1.373363142765878,0.03131,0.0308,1.6558441558441446,0.018343223035984502,1138643.0,15814.486111111111,90373.95618815409,6.261823345669787,67.97216062753944,-0.1653465610582353,0.6,0.8,4.406929293574893,VSN_USDT,2026-06-26,0.0,2026-06-26 06:00:00+00:00,False
72,0.06531,0.065,-0.47465931710305415,0.06531,0.06225,4.915662650602421,0.07529246816735469,171102.0,2376.4166666666665,6268.3538480839425,5.686468369145149,0.865000308500209,0.6354290437567707,0.6,0.4,1.9434246446848298,OPN_USDT,2026-06-25,0.0,2026-06-25 06:00:00+00:00,False
72,1.8239,1.8005,-1.2829650748396342,1.8252,1.7764,2.747129024994368,0.055234385554581905,923911.2999999999,12832.101388888888,7661.183052771004,1.6318011982811498,1.131105196135366,-0.01576270636394063,0.6,0.6,1.0280041739462658,LIT_USDT,2026-06-27,0.5153791326278772,2026-06-27 06:00:00+00:00,False
72,0.04495,0.04546,1.1345939933259255,0.04588,0.04426,3.660189787618609,0.07512513998610504,379151.22000000003,5265.989166666667,11655.935905749244,2.582946279108545,4.356525333040887,-1.1806830701432074,0.6,0.4,1.554441928862427,ZIG_USDT,2026-06-25,6.028921023359297,2026-06-25 06:00:00+00:00,False
72,0.020595,0.020349,-1.1944646758922053,0.020659,0.020171,2.419314857964398,0.02708757868291217,1130418.0,15700.25,25660.214137267492,3.591850035023216,0.7465751892618432,-0.06894835401102958,0.4,0.4,1.3477351972437606,PEAQ_USDT,2026-06-26,2.452051468803117,2026-06-26 06:00:00+00:00,False
72,0.7042,0.7066,0.34081226924168667,0.7112,0.6922,2.7448714244438044,0.033181629053138866,1818553.46,25257.686944444446,24947.37607312407,2.8271058105983733,0.80873419229886,0.31681241619896755,0.4,0.2,0.9395741214736273,SUI_USDT,2026-06-24,0.9940357852882713,2026-06-24 06:00:00+00:00,False
72,0.01164,0.01155,-0.7731958762886582,0.01166,0.01138,2.4604569420035216,0.0340204470076086,1411781.13,19608.071249999997,27368.402446675933,1.867687452433753,0.47945418628365677,0.6839845739649251,1.0,0.8,0.49717223095853397,SAHARA_USDT,2026-06-28,0.1718213058419323,2026-06-28 06:00:00+00:00,False
72,0.6715,0.6702,-0.19359642591213222,0.6881,0.6565,4.813404417364825,0.07826569925736726,213932.24,2971.281111111111,3859.2745298717805,4.881319985005204,1.3022609658428281,1.4144642388983761,0.4,0.4,0.921292306213613,JTO_USDT,2026-06-24,6.41846612062547,2026-06-24 06:00:00+00:00,False
72,23.273,22.485,-3.3858978215099054,23.353,22.272,4.853627873563233,0.0439230423967613,3313.85,46.02569444444444,71.26572703772256,3.7169073339839263,1.7038558019096937,-2.781161478192551,0.6,0.4,1.2162809683623068,DEXE_USDT,2026-07-01,0.6144459244618257,2026-07-01 06:00:00+00:00,False
72,0.002203,0.002155,-2.178847026781675,0.002215,0.002148,3.1191806331471033,0.06393480248936605,36059478.2,500826.08611111116,1067501.234859718,4.664167145726669,0.2748141122610843,-1.5112393681652456,0.6,0.8,0.5876024706728837,ZBCN_USDT,2026-07-01,4.8116205174761575,2026-07-01 06:00:00+00:00,False
72,0.3467,0.3424,-1.240265359100094,0.3496,0.3385,3.2791728212703095,0.04520740945884041,86698.61,1204.1473611111112,1817.1328501837397,2.6056812098397812,0.9999245672130357,-0.3581800580832455,0.2,0.4,1.0812525792304601,SPX_USDT,2026-06-24,3.51889241419094,2026-06-24 06:00:00+00:00,False
72,0.7981,0.8132,1.891993484525749,0.8137,0.7901,2.9869636754841102,0.040495097507198145,73894.5,1026.3125,1598.8184418005535,3.9931205722900684,1.359513990250888,0.5817779216845433,1.0,0.6,0.8291841196533887,ZRO_USDT,2026-06-27,2.4307730860794354,2026-06-27 06:00:00+00:00,False
72,0.016967,0.017032,0.3830965992809518,0.017326,0.016705,3.7174498653097876,0.06443403705601405,5954316.0,82698.83333333333,125509.89734420195,4.2113161991354575,1.325524335191229,0.9058354719062972,0.4,0.6,0.9487428537885986,PIPPIN_USDT,2026-06-24,5.793599339895098,2026-06-24 06:00:00+00:00,False
72,0.14583,0.14495,-0.603442364396895,0.14594,0.14372,1.5446701920400778,0.022369994219786728,5914276.0,82142.72222222222,76666.90133650553,2.1296061695725217,0.4460717643472984,0.10682588535560293,1.0,0.4,0.761386766402457,ADA_USDT,2026-06-30,0.4731536720839498,2026-06-30 06:00:00+00:00,False
72,0.08064,0.07834,-2.852182539682535,0.08384,0.0758,10.606860158311333,0.14243065956296258,614185.47,8530.35375,17742.17939930015,5.182228729213453,1.2797522827572492,-2.751799492517239,0.6,0.4,1.0618044917953111,AIN_USDT,2026-06-27,7.911706349206344,2026-06-27 06:00:00+00:00,False
72,0.0291,0.02875,-1.2027491408934694,0.0292,0.0286,2.0979020979020975,0.03820029340325839,602774.8400000001,8371.872777777779,10984.828483395138,2.6848984386842023,0.8593963415038386,-0.28086634236738034,0.8,0.4,0.6290555196661348,BIO_USDT,2026-06-27,3.3333333333333286,2026-06-27 06:00:00+00:00,False
72,0.3698,0.3718,0.5408328826392649,0.3731,0.3692,1.056338028169018,0.026637354229868095,31726.75,440.64930555555554,1065.7414956711054,2.293941277512258,11.352797887989642,0.11006289308176384,0.8,0.4,1.1806516542878298,CHEEL_USDT,2026-06-24,1.7036235803136754,2026-06-24 06:00:00+00:00,False
72,0.3446,0.3361,-2.466627974463148,0.3458,0.3359,2.947305745757672,0.038655025427138945,90206.4,1252.8666666666666,1773.8025364481414,1.8111216175660323,3.4498682963201657,0.014796912377632003,0.4,0.4,3.3037382265086883,CYS_USDT,2026-06-29,0.34822983168890853,2026-06-29 06:00:00+00:00,False
72,0.02681,0.02705,0.8951883625512892,0.02855,0.02618,9.052711993888467,0.07520963682896431,786839.0,10928.319444444445,28364.432927363177,4.921666606911157,1.0039205153287725,1.2979666237153886,0.6,0.4,0.38676571930431713,ARIA_USDT,2026-07-01,6.490115628496823,2026-07-01 06:00:00+00:00,False
72,0.0745,0.07388,-0.8322147651006652,0.0747,0.07351,1.6188273704257878,0.01827138789776588,27565649.29,382856.2401388889,437684.5106007859,2.1750464268535947,1.7278961157175212,-0.7309171216214793,0.8,0.2,1.2449053002396462,DOGE_USDT,2026-06-28,0.2684563758389339,2026-06-28 06:00:00+00:00,False
72,0.3643,0.362,-0.6313477902827406,0.3643,0.3603,1.1101859561476557,0.012755876586514345,205.89,2.859583333333333,24.26436919641633,8.485281374238575,0.0,0.0,1.0,1.0,0.0,PRO_USDT,2026-06-29,0.8509470216854218,2026-06-29 06:00:00+00:00,False
72,0.6908,0.7024,1.679212507237993,0.7054,0.6876,2.5887143688190863,0.040081752522437564,99123.92000000001,1376.7211111111112,1821.5634284971202,3.2993943962126493,1.3347075458132953,1.4091619574365806,0.4,0.4,0.9775904129059713,AKT_USDT,2026-06-25,2.1134916039374723,2026-06-25 06:00:00+00:00,False
72,0.008519,0.008621,1.1973236295339786,0.008645,0.008283,4.3703971990824515,0.07118866080550636,4162547.0,57813.15277777778,126610.33782188047,4.72641946958078,1.215242813543328,2.1857977715379855,0.6,0.6,0.8089259178983024,SKR_USDT,2026-06-27,5.141448526822387,2026-06-27 06:00:00+00:00,False
72,0.02811,0.02794,-0.6047669868374245,0.02825,0.02778,1.6918646508279396,0.02167788502204487,3607186.3,50099.80972222222,124801.40517752581,4.4205524419712585,0.4367655255619353,-0.6477492200267547,0.8,0.6,0.7484701368769189,KAS_USDT,2026-06-27,4.624688722874418,2026-06-27 06:00:00+00:00,False
72,3.084,3.03,-1.750972762645923,3.115,2.935,6.1328790459965985,0.08413495522832418,44129.451,612.9090416666667,2151.0860807152417,4.936468344757533,0.0537544995923735,1.6673183265374505,0.2,0.4,0.8152189433402878,ORDI_USDT,2026-06-26,7.00389105058365,2026-06-26 06:00:00+00:00,False
72,0.12582,0.12868,2.2730885391829614,0.13059,0.1258,3.80763116057235,0.062270554787128715,3305803.4,45913.93611111111,51423.0220831174,2.6894917299259626,0.3858014668283146,0.5006664716018174,0.2,0.6,0.7098824204461883,PI_USDT,2026-06-26,3.7911301859799913,2026-06-26 06:00:00+00:00,False
72,0.07192,0.07157,-0.4866518353726406,0.07203,0.07139,0.8964841014147663,0.017876628905303126,479218.54999999993,6655.813194444443,16335.664138763594,5.441253402354651,3.271848935924444,0.1643126835407532,0.8,0.4,1.2899283347034276,HBAR_USDT,2026-06-28,0.15294771968854143,2026-06-28 06:00:00+00:00,False
72,0.3146,0.3205,1.8753973299427895,0.322,0.3124,3.072983354673495,0.04679316138484116,2942361.0500000003,40866.12569444445,33869.51287484743,1.7194351895530156,2.392510559063801,0.8038880861683951,0.6,0.6,0.8406237735288012,ONDO_USDT,2026-06-25,2.9561347743166024,2026-06-25 06:00:00+00:00,False
72,0.008944,0.009033,0.995080500894441,0.009072,0.008761,3.549823079557134,0.04104545595100355,3928074.0,54556.583333333336,107575.84829800422,3.681857628491412,2.2461764595199463,1.7371452193274923,0.8,0.4,1.2802609542996295,HFT_USDT,2026-06-25,2.3926654740608106,2026-06-25 06:00:00+00:00,False
72,0.03412,0.03414,0.058616647127781904,0.03534,0.03411,3.6059806508355376,0.06836095586168936,116322.0,1615.5833333333333,3976.9465275634007,5.617534114909903,3.263618538830951,-1.2027985432240744,0.2,0.6,1.2078947852979505,HIGH_USDT,2026-06-28,4.601406799531073,2026-06-28 06:00:00+00:00,False
72,0.002393,0.002352,-1.7133305474300138,0.002399,0.002333,2.8289755679382806,0.035153978608803246,12801470.600000001,177798.2027777778,463613.1974259719,5.373856391620532,1.5731005320950326,0.024761230986912137,0.4,0.4,0.8527789659768504,ZBCN_USDT,2026-06-27,0.25073129962390006,2026-06-27 06:00:00+00:00,False
72,0.02399,0.02387,-0.5002084201750814,0.024,0.02351,2.0842194810718877,0.028246828906639276,579456.7999999999,8048.01111111111,7688.536539010907,1.1461375828474338,1.1906349169720016,1.0105633802816991,0.2,0.4,1.6167526250941413,STBL_USDT,2026-06-25,4.918716131721553,2026-06-25 06:00:00+00:00,False
72,64.378,63.806,-0.8885022833887396,64.785,63.256,2.417162008347028,0.03555354725077773,42618.93,591.9295833333333,361.0726794749281,0.9671506025649182,1.116919922886409,-0.2701739415477272,0.4,0.4,0.8428063412371646,HYPE_USDT,2026-06-27,0.6322035477958254,2026-06-27 06:00:00+00:00,False
72,0.3237,0.3102,-4.170528266913813,0.325,0.305,6.557377049180333,0.07432714794510144,2169424.46,30130.895277777778,70845.90173532668,4.898614871920473,0.43513200252016515,-0.18763737736558628,0.8,0.4,0.9921354628441794,IP_USDT,2026-06-28,0.4016064257028185,2026-06-28 06:00:00+00:00,False
72,0.06914,0.0725,4.859704946485395,0.07611,0.06724,13.191552647233795,0.19196133815322142,97814.81,1358.5390277777778,3105.261130267883,3.3736836121838323,2.1721023411095604,4.516929622407365,0.6,0.6,1.5939645064495407,RIF_USDT,2026-06-29,10.08099508244143,2026-06-29 06:00:00+00:00,False
72,2.962,2.942,-0.6752194463200546,2.985,2.928,1.9467213114754078,0.03218162785492626,182194.52,2530.479444444444,2718.395845115893,2.7863941080428756,0.6775807468505618,-0.7151907644657075,0.8,0.6,1.0349030137566717,UNI_USDT,2026-06-27,3.7474679270762916,2026-06-27 06:00:00+00:00,False
72,0.6857,0.6911,0.7875164065918144,0.695,0.6764,2.7498521584860955,0.024976903888693683,2217555.8400000003,30799.386666666673,28581.14117526805,1.0644998876666434,3.4513908211311652,1.8736800746525117,0.2,0.4,1.0977569189718748,SUI_USDT,2026-06-25,2.3625492197754108,2026-06-25 06:00:00+00:00,False
72,0.016991,0.016897,-0.5532340650932867,0.017165,0.01667,2.969406118776238,0.0497827542889226,171430.0,2380.972222222222,5835.658843700738,4.213197893216396,0.8864532256513797,-1.1699988693288137,0.8,0.6,0.4821556076109788,ROBO_USDT,2026-06-29,1.2300629745159253,2026-06-29 06:00:00+00:00,False
72,0.0001889,0.0001769,-6.352567496029655,0.0001917,0.0001499,27.885256837891916,0.5192075523328805,4786275.0,66476.04166666667,157916.61265573112,3.866716772294735,1.2478803984733386,-3.9109641085236584,0.8,0.6,9.801110578020106,HOOLI_USDT,2026-06-27,3.2821598729486436,2026-06-27 06:00:00+00:00,False
72,0.1734,0.1767,1.9031141868512096,0.1775,0.1734,2.36447520184544,0.03550894559895701,602119.02,8362.764166666668,15770.872502407434,5.654427701569595,0.9619822314183625,1.0191446804457396,0.6,0.6,0.7988260965812461,FET_USDT,2026-06-25,3.1718569780853545,2026-06-25 06:00:00+00:00,False
72,0.3328,0.325,-2.343749999999992,0.3358,0.325,3.3230769230769153,0.04259323646716754,125396.70000000001,1741.6208333333334,2881.658989459317,2.60038909385934,0.39345284690620996,-1.2224753227030964,1.0,0.6,1.1107175025548668,CYS_USDT,2026-06-30,17.187500000000007,2026-06-30 06:00:00+00:00,False
72,0.00514,0.005123,-0.33073929961088827,0.00519,0.005053,2.7112606372452,0.03063912928857663,980327.0,13615.652777777777,59166.228535875314,5.9442539273964465,1.0488323477436743,-0.9537772479015325,1.0,1.0,6.561164387810684,BOB_USDT,2026-06-24,0.972762645914408,2026-06-24 06:00:00+00:00,False
72,0.0949,0.09697,2.1812434141201287,0.0978,0.09086,7.638124587277131,0.12582577587221458,144670.0,2009.3055555555557,4137.083233386621,3.5314691057464764,1.081740066253006,1.7530781913214208,0.8,0.8,0.5086320389773634,AIO_USDT,2026-06-29,3.0558482613277134,2026-06-29 06:00:00+00:00,False
72,0.2457,0.2518,2.4827024827024915,0.2531,0.2428,4.242174629324548,0.06542822792049992,202693.4,2815.186111111111,3365.3147969156753,1.88220329598769,0.7043192136282228,2.0508142442057,0.4,0.6,0.746539344451617,HNT_USDT,2026-06-25,3.133903133903139,2026-06-25 06:00:00+00:00,False
72,1.1103,1.1052,-0.4593353147797986,1.1136,1.0949,1.7079185313727225,0.02345225653899552,5002821.699999999,69483.63472222221,39914.64602730576,1.8545572020027812,0.7939911981006427,-0.24986265080190612,0.6,0.2,0.9589074946679249,XRP_USDT,2026-06-24,0.2972169683869097,2026-06-24 06:00:00+00:00,False
72,2.694e-06,2.681e-06,-0.48255382331106644,2.718e-06,2.642e-06,2.8766086298258973,0.03193662258846145,135312763789.0,1879343941.5138888,2811357903.424036,3.587658623825568,0.4429179352560598,-0.38983942328517635,0.6,0.6,0.9700475830244795,PEPE_USDT,2026-06-24,0.8908685968819641,2026-06-24 06:00:00+00:00,False
72,559.5,554.1,-0.9651474530831058,560.5,551.6,1.6134880348078275,0.017082314470054222,2733.902,37.97086111111111,26.82276430771442,1.2166348935757494,1.3335495558943042,-0.5455635491606661,1.0,0.4,0.8999192915475978,BNB_USDT,2026-06-30,0.17873100983020554,2026-06-30 06:00:00+00:00,False
72,0.0331,0.03401,2.74924471299094,0.03462,0.03305,4.750378214826005,0.05351269989944489,692786.0,9622.027777777777,20784.166412536397,5.534445819542728,0.42389096881982585,-0.6316098707403053,1.0,0.4,1.1801028024515474,NAORIS_USDT,2026-06-25,11.78247734138973,2026-06-25 06:00:00+00:00,False
72,0.1901,0.1883,-0.9468700683850584,0.1906,0.1874,1.7075773745997762,0.03102403634345394,119787.2,1663.711111111111,2995.60279910666,2.792692919984927,0.8423204782045479,0.06205398696867067,0.6,0.6,1.605841579680666,PROVE_USDT,2026-06-30,0.9468700683850584,2026-06-30 06:00:00+00:00,False
72,0.007197,0.007493,4.112824788106146,0.007516,0.007197,4.432402389884672,0.05278262960241258,4058867.0,56373.15277777778,91920.65829261758,3.3201584368215418,4.781184904430909,2.152489922693073,1.0,0.6,1.760453535716094,ZORA_USDT,2026-06-28,9.184382381547868,2026-06-28 06:00:00+00:00,False
72,0.8181,0.8018,-1.9924214643686704,0.8368,0.767,9.100391134289437,0.07513667737793925,318334.22,4421.308611111111,9429.112100353,5.803030676187659,0.5093841222599429,2.559600912078629,0.4,0.6,0.7935445298439174,ZRO_USDT,2026-06-26,2.285784133968945,2026-06-26 06:00:00+00:00,False
72,0.001126,0.0011319,0.5239786856127773,0.0011624,0.0011232,3.4900284900284975,0.09807453907013101,54853965.89,761860.6373611111,206397.1987611012,-1.0827512283379468,0.7592504257184204,0.42258846555903823,0.8,0.8,0.5426341789802792,KCT_USDT,2026-06-27,3.2326820603907653,2026-06-27 06:00:00+00:00,False
72,0.07908,0.08082,2.2003034901365774,0.08205,0.07769,5.612047882610378,0.08602659464626412,84831.91,1178.2209722222224,3239.677187198001,5.461051935046708,1.0906182897371768,1.707662453453619,0.6,0.6,1.719864056770829,AIN_USDT,2026-06-29,6.689428426909464,2026-06-29 06:00:00+00:00,False
72,0.2495,0.23988,-3.8557114228456877,0.25848,0.23857,8.34555895544284,0.08295213875241479,507441.0,7047.791666666667,15924.086487109507,3.7338214433871677,1.2571179138377917,-0.9591658590565622,0.6,0.4,0.6778789992998847,ZEST_USDT,2026-06-29,3.5991983967935828,2026-06-29 06:00:00+00:00,False
72,0.05462,0.05444,-0.3295496155254478,0.0548,0.05436,0.8094186902133975,0.011287323339786619,228687.09,3176.2095833333333,8160.970835993672,4.977197759056908,1.2502655214579055,-0.4221081023421532,0.8,0.6,1.1145825256724187,CRO_USDT,2026-06-28,0.3295496155254478,2026-06-28 06:00:00+00:00,False
72,0.0011276,0.0011198,-0.6917346576800355,0.0011368,0.0011,3.345454545454548,0.035399129985470325,37576649.63,521897.9115277778,143155.01448166178,-0.3283178049748006,0.9587764153672005,0.3458579218645018,0.4,0.6,0.17937370287059792,KCT_USDT,2026-07-01,1.3923377084072366,2026-07-01 06:00:00+00:00,False
72,0.14999,0.14775,-1.4934328955263814,0.15065,0.14717,2.364612353061093,0.025458789605431756,884301.0,12281.958333333334,24612.806589446634,3.847619602925762,0.24058171991395097,-0.008441905619512987,0.0,0.4,0.8224616991013842,CC_USDT,2026-06-26,1.966797786519088,2026-06-26 06:00:00+00:00,False
72,1.6128,1.613,0.012400793650792285,1.6711,1.584,5.498737373737371,0.08287881184451784,1100235.0,15281.041666666666,6623.230215224438,0.5782935011201389,1.6155046236829598,0.9038179682546221,0.4,0.4,0.9796248971667019,LIT_USDT,2026-06-26,13.93229166666666,2026-06-26 06:00:00+00:00,False
72,0.00636,0.006357,-0.04716981132076098,0.006623,0.006301,5.110299952388513,0.02893004035901955,9254315.0,128532.15277777778,130702.02863493044,6.2654702864105,0.7885480471289616,0.18783659529752295,0.4,0.4,0.777992010366515,ACN1_USDT,2026-07-01,4.135220125786167,2026-07-01 06:00:00+00:00,False
72,0.0001791,0.0001826,1.9542155220547204,0.0001827,0.0001743,4.819277108433727,0.06369989110934114,69449733.19999999,964579.6277777776,1395770.4378431845,2.076458572321978,2.55240847340205,-0.1823452403216725,1.0,0.4,1.0074136469261485,HMSTR_USDT,2026-06-27,5.97431602456729,2026-06-27 06:00:00+00:00,False
72,195.09,194.78,-0.15890102004203305,195.09,192.7,1.2402698495070135,0.02109523949594808,245.736,3.413,6.662195484677428,2.5727436996960984,1.2903101945947608,0.18085207161741743,1.0,0.4,0.6266071761950482,NVDAON_USDT,2026-06-29,0.5125839356194577,2026-06-29 06:00:00+00:00,False
72,0.3469,0.3456,-0.3747477659267708,0.3474,0.3421,1.5492546039169748,0.02589990450180881,156997.69999999998,2180.5236111111108,3187.205538624752,3.192749229327554,0.29253696183296796,0.00965763677627978,1.0,0.4,0.47066875155592863,ETHFI_USDT,2026-06-28,1.0089362928797934,2026-06-28 06:00:00+00:00,False
72,0.04979,0.04965,-0.28118096003213744,0.04982,0.04917,1.3219442749644188,0.02367019658118812,202110.49,2807.0901388888888,9625.277321955049,7.209173667957224,0.7334110192426094,0.40245531562304837,1.0,0.8,0.7819603741292188,SEI_USDT,2026-06-30,1.124723840128536,2026-06-30 06:00:00+00:00,False
72,0.1226,0.1169,-4.649265905383357,0.1262,0.1131,11.582670203359859,0.159099672354693,11267438.299999999,156492.1986111111,92185.21090175005,1.35277699769971,1.1302314868606835,-3.5548149691036603,0.4,0.6,0.9887768727559043,SKYAI_USDT,2026-06-30,2.9363784665579167,2026-06-30 06:00:00+00:00,False
72,1622.16,1645.76,1.454850323026083,1652.17,1614.76,2.316752953999361,0.021832695180484536,43011.409199999995,597.3806833333333,646.0338009051748,2.34935740148517,4.317000097910859,1.69245025611983,0.2,0.0,1.1756083604271743,ETH_USDT,2026-06-25,2.3585836169058534,2026-06-25 06:00:00+00:00,False
72,0.5232,0.5176,-1.0703363914373183,0.5243,0.5141,1.9840497957595773,0.025107126898726892,52718.729999999996,732.2045833333333,1084.608842894216,5.6486097850736225,1.2915644700398796,-0.5320853900890925,0.4,0.6,1.0649515498545363,B2_USDT,2026-06-27,1.5863914373088637,2026-06-27 06:00:00+00:00,False
72,0.00813,0.008036,-1.1562115621156253,0.008231,0.007937,3.7041703414388416,0.05114683786409287,2325781.0,32302.51388888889,145252.2940591178,5.041983848087631,0.11827497451624885,-2.109416418580008,0.6,0.8,4.945098128417408,NFP_USDT,2026-06-08,7.3923739237392265,2026-06-08 06:00:00+00:00,False
72,1.506,1.5786,4.820717131474103,1.5822,1.5044,5.171496942302585,0.060670800551255,1040647.09,14453.431805555556,6852.985599613765,1.4837709352242243,1.0257460498407056,2.233899159479679,1.0,0.6,0.9914060004283187,LIT_USDT,2026-06-24,12.88180610889774,2026-06-24 06:00:00+00:00,False
72,0.03777,0.03677,-2.6476039184538016,0.03818,0.03671,4.0043584854263115,0.04045745193815964,183876.13,2553.835138888889,5526.089889460974,3.2024793273497885,1.6215134142484802,-1.665890286373396,0.4,0.6,1.553345857765985,SQD_USDT,2026-06-24,3.3095048980672526,2026-06-24 06:00:00+00:00,False
72,32.17,33.1,2.890892135529996,33.21,31.82,4.368321810182277,0.04842393192588954,2163.7949999999996,30.052708333333328,75.86462245925674,4.410052953431088,0.37448348903590917,1.3997169689952171,1.0,0.6,0.691728680459189,DASH_USDT,2026-06-29,5.688529686042892,2026-06-29 06:00:00+00:00,False
72,0.03018,0.02979,-1.292246520874745,0.03065,0.02974,3.0598520511096203,0.049255282746666025,1475848.29,20497.892916666668,19519.01020047556,1.8625516958374273,0.5108196912149559,-1.0182681163419918,0.4,0.6,1.1871185770957149,BIO_USDT,2026-06-24,2.4519549370444036,2026-06-24 06:00:00+00:00,False
72,0.05457,0.05363,-1.7225581821513711,0.05479,0.0512,7.011718749999991,0.07244450674091911,365078.0,5070.527777777777,10219.177772073725,3.733071460342065,2.4141061310696372,-0.8092843326885812,0.4,0.4,6.224565377566809,TROLL_USDT,2026-06-25,0.40315191497159236,2026-06-25 06:00:00+00:00,False
72,0.04663,0.0477,2.294660090070773,0.04805,0.04495,6.896551724137943,0.08414919272243988,1397491.0,19409.597222222223,34016.99649229207,7.073541442334714,0.4921941565035858,3.7645261607288942,0.2,0.4,0.934853754851372,MEGA_USDT,2026-06-26,6.0690542569161465,2026-06-26 06:00:00+00:00,False
72,0.6419,0.6298,-1.8850288206885808,0.6425,0.6212,3.4288473921442346,0.056021568394055754,30578.1,424.6958333333333,899.4935276701119,3.213780713708771,0.09064847370944543,1.3839858793324766,0.6,0.4,0.48610715256912573,ENSO_USDT,2026-06-30,0.09347250350520858,2026-06-30 06:00:00+00:00,False
72,0.5436,0.5382,-0.9933774834437014,0.5494,0.5069,8.384296705464585,0.09741578472903333,7578345.151000001,105254.7937638889,59600.53528792733,2.2222128013804094,1.931971938597869,1.5008223684210453,0.4,0.2,1.1835853150290256,WLD_USDT,2026-06-24,1.122148638704929,2026-06-24 06:00:00+00:00,False
72,0.005694,0.005562,-2.3182297154899922,0.0057,0.005531,3.0555053335743967,0.029824449358372203,4734349.0,65754.84722222222,141769.8854118199,6.245968417535552,0.11438791425486787,-0.14079233131130592,0.6,0.4,0.6492255975834365,ALT_USDT,2026-06-30,0.5619950825430262,2026-06-30 06:00:00+00:00,False
72,0.010272,0.010114,-1.538161993769472,0.010322,0.009889,4.3786024876124925,0.05598642602342049,12885702.0,178968.08333333334,176647.89902943672,2.9028110650697045,1.4377188505323557,-0.5086828309305346,0.6,0.6,1.0981437560186107,W_USDT,2026-06-24,0.48676012461058893,2026-06-24 06:00:00+00:00,False
72,0.01836,0.01885,2.6688453159041248,0.0192,0.01806,6.31229235880398,0.05873930137283003,3247724.0,45107.27777777778,82820.64812716359,5.505952925949072,0.8278220324749246,1.238265534197565,0.6,0.4,1.0947577865779228,MON_USDT,2026-07-01,13.88888888888889,2026-07-01 06:00:00+00:00,False
72,0.01905,0.01902,-0.15748031496064172,0.01934,0.01854,4.314994606256735,0.06012972223603525,704032.23,9778.225416666666,32187.432370012557,6.4239168305052265,0.4944314769310935,-0.5389536412233908,0.8,0.4,1.1223199162376194,HOME_USDT,2026-06-27,1.5223097112860817,2026-06-27 06:00:00+00:00,False
72,0.05069,0.05077,0.15782205563228188,0.05171,0.05034,2.7214938418752403,0.05525322629520955,79812.5,1108.5069444444443,2001.5320105828225,2.587305001470344,1.433296040031726,-0.15727134221260478,0.6,0.4,1.1677597188819158,AIOT_USDT,2026-06-29,7.713552969027429,2026-06-29 06:00:00+00:00,False
72,4.203e-06,4.238e-06,0.8327385201046792,4.264e-06,4.133e-06,3.1696104524558457,0.03256994261412936,29108246272.0,404281198.2222222,407633119.7333905,1.7962121182269948,1.3226601933110202,0.44997927727012954,0.6,0.6,0.7131802853828882,SHIB_USDT,2026-07-01,4.235070187960976,2026-07-01 06:00:00+00:00,False
72,0.014536,0.015368,5.723720418271872,0.016073,0.014399,11.625807347732483,0.11179963864574405,4969096.0,69015.22222222222,95458.6247458681,3.2815966326386685,0.4006078038959704,4.2565893219193605,0.4,0.8,1.274475772435197,BLUAI_USDT,2026-06-26,10.573747936158503,2026-06-26 06:00:00+00:00,False
72,0.00458,0.00474,3.493449781659398,0.005202,0.004537,14.657262508265367,0.20051880766450986,10851168.0,150710.66666666666,61608.34713749499,7.18063971366829,0.8279203062631854,-1.9009306099898098,0.6,0.4,0.9552082578426186,ASM_USDT,2026-06-26,13.580786026200878,2026-06-26 06:00:00+00:00,False
72,0.08797,0.08771,-0.29555530294419713,0.08861,0.08749,1.2801463024345594,0.0257858657548576,6801.0,94.45833333333333,275.95335069638736,5.325181109834275,0.3383045525902668,-0.6134853518574402,1.0,1.0,0.4711319541699527,TAIKO_USDT,2026-06-08,1.9211094691372024,2026-06-08 06:00:00+00:00,False
72,0.1768,0.17421,-1.4649321266968376,0.17929,0.17231,4.050838604840122,0.04114436472105234,231826.0,3219.8055555555557,6995.422627426216,3.864465884178609,2.2353374447579335,-0.8030757707204328,0.6,0.4,0.6682807958686149,IO_USDT,2026-06-25,3.6481900452488594,2026-06-25 06:00:00+00:00,False
72,0.03928,0.03778,-3.8187372708757668,0.03953,0.03704,6.722462203023776,0.05317906272339674,498753.0,6927.125,6945.23231126176,1.5051780970669386,1.6564479405507702,-2.213733831061733,1.0,0.4,1.2967395436579574,NAORIS_USDT,2026-06-30,4.276985743380857,2026-06-30 06:00:00+00:00,False
72,0.010483,0.010307,-1.678908709338921,0.010511,0.010141,3.648555369292957,0.05952609667747335,27611266.0,383489.80555555556,375576.81090672134,5.347587512293027,0.5951329398155438,0.3270785313118857,0.6,0.8,1.0278816214372237,W_USDT,2026-06-27,0.9920824191548214,2026-06-27 06:00:00+00:00,False
72,0.15022,0.14735,-1.9105312208760377,0.1521,0.14618,4.049801614447947,0.07166990906423153,336420.0,4672.5,9708.894457015422,4.600024502277751,0.3518249847281613,-0.2235594701808736,0.4,0.6,1.0828114861612737,DYDX_USDT,2026-06-25,1.251497803221955,2026-06-25 06:00:00+00:00,False
72,0.02641,0.0266,0.7194244604316516,0.02661,0.02577,3.259604190919676,0.04315154760453287,345354.0,4796.583333333333,11107.948877927365,3.8045631942401528,0.3120923879605247,2.0392359318533613,0.8,0.4,1.4086692769967772,ARIA_USDT,2026-06-30,10.10980689132905,2026-06-30 06:00:00+00:00,False
72,1.0006,1.0006,0.0,1.0006,1.0006,0.0,0.0,0.0,0.0,0.0,0.0,0.0,0.0,1.0,1.0,0.0,USDP_USDT,2026-06-28,0.009994003597840195,2026-06-28 06:00:00+00:00,False
72,0.02585,0.02535,-1.9342359767891697,0.02606,0.02472,5.420711974110036,0.1151126678450533,1512236.5999999999,21003.28611111111,61718.007711969556,7.739301121804734,0.47741654458502636,-0.5968869542276856,0.8,0.4,1.0505999322573705,MITO_USDT,2026-06-26,0.8123791102514443,2026-06-26 06:00:00+00:00,False
72,0.08511,0.08514,0.03524850193865394,0.08605,0.08324,3.375780874579538,0.042905264710148265,8928774.0,124010.75,114944.32074419802,2.2460757181664492,2.0723903494319766,1.8970243534225957,0.2,0.4,1.2962629336029212,ENA_USDT,2026-06-25,2.0796616143813815,2026-06-25 06:00:00+00:00,False
72,0.0009088,0.0009025,-0.6932218309859145,0.0009133,0.0008801,3.7722986024315475,0.04629714913386237,20064494.400000002,278673.5333333334,208231.09695688423,2.969844820356087,1.0556371860659264,-0.18205677953569793,0.6,0.4,1.0355959670705235,TAG_USDT,2026-06-25,12.433978873239441,2026-06-25 06:00:00+00:00,False
72,4.264,4.231,-0.7739212007504775,4.28,4.15,3.1325301204819254,0.04033853879818318,88978.79000000001,1235.816527777778,1330.6616835044622,1.6279449243818076,2.237202917239206,1.3227828018403827,0.0,0.6,1.2000345279327373,INJ_USDT,2026-06-25,1.7589118198874338,2026-06-25 06:00:00+00:00,False
72,42.53,42.95,0.9875382083235403,43.28,42.36,2.1718602455146407,0.0406864570805844,23987.727,333.162875,412.9289486801023,2.3662637881804547,0.6731293808915438,0.007776654483234236,0.8,0.2,0.8481688972702706,LTC_USDT,2026-06-29,2.1396661180343206,2026-06-29 06:00:00+00:00,False
72,0.03792,0.03767,-0.6592827004219415,0.03797,0.03628,4.658213891951481,0.06764153887179114,6596453.0,91617.40277777778,130672.77469222528,5.032931601072407,0.5659929037620186,2.2335716717739222,0.8,0.4,0.7141058276138337,IOTA_USDT,2026-06-26,3.2172995780590687,2026-06-26 06:00:00+00:00,False
