symbol,entry_time,entry_price,stake,amount,score,layers,max_rate,peak_profit_pct,signal_tag,exit_time,exit_price,exit_reason,profit_pct,net_profit_usd,hold_hours
MITO_USDT,2026-06-24 14:25:00+00:00,0.02905,1.0,34.35456110154905,223.50492966483057,"(True, False, False)",0.02905,0.0,v4_l100,2026-06-24 15:35:00+00:00,0.02669,stoploss,-8.123924268502586,-0.08307676419965582,1.1666666666666667
CHZ_USDT,2026-06-24 06:25:00+00:00,0.01995,1.0,50.02506265664161,37.23193500293169,"(True, False, False)",0.02027,1.6040100250626608,v4_l100,2026-06-24 16:45:00+00:00,0.01883,dud_early,-5.614035087719295,-0.05802807017543854,10.333333333333334
MITO_USDT,2026-06-24 16:25:00+00:00,0.02758,1.0,36.18564176939812,84.0932354603766,"(True, False, False)",0.02762,0.1450326323422711,v4_l100,2026-06-24 17:35:00+00:00,0.02497,stoploss,-9.463379260333578,-0.09644452501812917,1.1666666666666667
BAS_USDT,2026-06-24 08:25:00+00:00,0.035009,1.0,28.506955354337457,346.841445375664,"(True, False, False)",0.044853,28.118483818446684,v4_l100,2026-06-24 20:25:00+00:00,0.040623,pullback_exit,16.035876488902858,0.15803804735925042,12.0
ZEST_USDT,2026-06-24 10:25:00+00:00,0.27706,1.0,3.6021078466758105,50.96143706985491,"(True, False, False)",0.27799,0.3356673644698051,v4_l100,2026-06-24 22:25:00+00:00,0.2716,stale_half_day,-1.9706922688226252,-0.021667508842849847,12.0
PRO_USDT,2026-06-24 23:15:00+00:00,0.3812,1.0,2.6180482686253934,196.0934976635419,"(True, False, False)",0.3812,0.0,v4_l100,2026-06-25 03:55:00+00:00,0.3497,stoploss,-8.263378803777538,-0.08446852046169984,4.666666666666667
BEAT_USDT,2026-06-25 03:15:00+00:00,1.7874,1.0,0.5583529148483831,40.72688573027751,"(True, False, False)",1.8159,1.5944947969117136,v4_l100,2026-06-25 04:20:00+00:00,1.635,stoploss,-8.52635112453844,-0.08709298422289369,1.0833333333333333
ALLO_USDT,2026-06-24 21:00:00+00:00,0.414,1.0,2.4106280193236715,42.77079602615648,"(True, False, False)",0.414,0.0,v4_l100,2026-06-25 06:05:00+00:00,0.39303,dud_early,-5.065217391304346,-0.05255086956521737,9.083333333333334
AIOT_USDT,2026-06-25 01:15:00+00:00,0.05315,1.0,18.777046095954844,141.72745289373776,"(True, False, False)",0.05315,0.0,v4_l100,2026-06-25 11:05:00+00:00,0.0498,dud_early,-6.3029162746942715,-0.06490310442144887,9.833333333333334
GWEI_USDT,2026-06-24 18:30:00+00:00,0.12317,1.0,8.102622391816189,60.83294761617352,"(True, False, False)",0.137,11.2283835349517,v4_l100,2026-06-25 13:30:00+00:00,0.12264,stale_half_day,-0.43029958593813644,-0.006294389867662509,19.0
GRASS_USDT,2026-06-25 05:15:00+00:00,0.4917,1.0,2.0296929021761234,166.1643812543984,"(True, False, False)",0.4956,0.7931665649786371,v4_l100,2026-06-25 13:40:00+00:00,0.4635,dud_early,-5.735204392922514,-0.0592373398413667,8.416666666666666
WLFI_USDT,2026-06-25 07:15:00+00:00,0.0605,1.0,16.49586776859504,132.78179213127095,"(True, False, False)",0.06199,2.4628099173553806,v4_l100,2026-06-25 19:15:00+00:00,0.05889,stale_half_day,-2.661157024793389,-0.028558347107438098,12.0
SPCX_USDT,2026-06-25 11:15:00+00:00,144.87,1.0,0.006888934907158141,108.57475832183084,"(True, False, False)",145.13,0.17947125008627798,v4_l100,2026-06-25 19:15:00+00:00,137.12,dud_early,-5.349623800648858,-0.05538924553047564,8.0
PRO_USDT,2026-06-25 13:20:00+00:00,0.3696,1.0,2.7002164502164505,1526.1177471257563,"(True, False, False)",0.3829,3.598484848484858,v4_l100,2026-06-25 22:45:00+00:00,0.3511,dud_early,-5.005411255411245,-0.05195400432900421,9.416666666666666
IP_USDT,2026-06-25 15:20:00+00:00,0.3375,1.0,2.9570370370370367,196.29363857304276,"(True, False, False)",0.4193,24.23703703703703,v4_l100,2026-06-26 04:35:00+00:00,0.3747,pullback_exit,11.022222222222208,0.10800177777777753,13.25
ZIG_USDT,2026-06-25 17:20:00+00:00,0.04571,1.0,21.83329687158171,68.22550920852595,"(True, False, False)",0.04571,0.0,v4_l100,2026-06-26 05:20:00+00:00,0.04451,stale_half_day,-2.6252461168234515,-0.028199956245898106,12.0
AIN_USDT,2026-06-25 09:15:00+00:00,0.07441,1.0,13.412175782824889,345.5423749340237,"(True, False, False)",0.11381,52.94987232898802,v4_l100,2026-06-26 05:30:00+00:00,0.10306,pullback_exit,38.50288939658647,0.3822588361779329,20.25
MELANIA_USDT,2026-06-25 21:20:00+00:00,0.07633,1.0,13.07480676012053,86.81930449858163,"(True, False, False)",0.07708,0.9825756583256919,v4_l100,2026-06-26 09:20:00+00:00,0.07597,stale_half_day,-0.47163631599633066,-0.006706930433643343,12.0
SKR_USDT,2026-06-25 23:20:00+00:00,0.008293,1.0,120.34245749427228,149.67291477030705,"(True, False, False)",0.008339,0.5546846738212851,v4_l100,2026-06-26 11:20:00+00:00,0.008101,stale_half_day,-2.3152055950801818,-0.02510575183890018,12.0
2Z_USDT,2026-06-26 01:20:00+00:00,0.06641,1.0,15.027857250414096,143.86294317595144,"(True, False, False)",0.06744,1.5509712392711987,v4_l100,2026-06-26 13:20:00+00:00,0.06506,stale_half_day,-2.032826381569026,-0.022287607288058897,12.0
MEGA_USDT,2026-06-26 09:20:00+00:00,0.04888,1.0,20.41734860883797,173.5099885801359,"(True, False, False)",0.0491,0.4500818330605523,v4_l100,2026-06-26 18:25:00+00:00,0.0463,dud_early,-5.278232405891979,-0.05467675941080197,9.083333333333334
DN_USDT,2026-06-25 19:20:00+00:00,0.36911,1.0,2.703801034921839,42.87696460862993,"(True, False, False)",0.44461,20.45460702771532,v4_l100,2026-06-26 19:20:00+00:00,0.37244,stale_dud,0.9021700847985694,0.007003657446289724,24.0
GWEI_USDT,2026-06-26 07:20:00+00:00,0.12759,1.0,7.821929618308644,119.47255134916624,"(True, False, False)",0.13067,2.4139822870130883,v4_l100,2026-06-26 19:30:00+00:00,0.12735,stale_half_day,-0.18810251587116386,-0.003877263108394313,12.166666666666666
MITO_USDT,2026-06-26 13:20:00+00:00,0.02592,1.0,38.50308641975309,23.730879425196996,"(True, False, False)",0.02592,0.0,v4_l100,2026-06-27 01:20:00+00:00,0.02503,stale_half_day,-3.4336419753086362,-0.036267746913580146,12.0
EPIC_USDT,2026-06-26 15:20:00+00:00,0.445,1.0,2.242696629213483,170.51350806250485,"(True, False, False)",0.4597,3.303370786516852,v4_l100,2026-06-27 04:30:00+00:00,0.4353,stale_half_day,-2.1797752808988733,-0.023754157303370826,13.166666666666666
B_USDT,2026-06-26 11:20:00+00:00,0.2365,1.0,4.219873150105708,230.41287374579983,"(True, False, False)",0.24233,2.4651162790697687,v4_l100,2026-06-27 04:45:00+00:00,0.2361,stale_half_day,-0.16913319238899946,-0.0036879492600422337,17.416666666666668
STG_USDT,2026-06-26 21:20:00+00:00,0.1758,1.0,5.676905574516495,258.69496725032565,"(True, False, False)",0.1787,1.6496018202502762,v4_l100,2026-06-27 05:20:00+00:00,0.1646,dud_early,-6.370875995449382,-0.06558134243458491,8.0
TIA_USDT,2026-06-26 19:20:00+00:00,0.3834,1.0,2.6030255607720396,201.0386859253141,"(True, False, False)",0.3859,0.6520605112154413,v4_l100,2026-06-27 07:20:00+00:00,0.3757,stale_half_day,-2.008346374543568,-0.022043296817944813,12.0
SKYAI_USDT,2026-06-26 03:20:00+00:00,0.3126,1.0,3.192578374920026,192.3280653338402,"(True, False, False)",0.3775,20.761356365962897,v4_l100,2026-06-27 08:30:00+00:00,0.3379,pullback_exit,8.093410108765193,0.07877223288547652,29.166666666666668
PRO_USDT,2026-06-26 23:40:00+00:00,0.3748,1.0,2.662753468516542,213.6731848614855,"(True, False, False)",0.3796,1.280683030949832,v4_l100,2026-06-27 11:40:00+00:00,0.3746,stale_half_day,-0.053361792956252256,-0.002532550693703395,12.0
USELESS_USDT,2026-06-27 03:40:00+00:00,0.08169,1.0,12.216917615375198,119.84831951060589,"(True, False, False)",0.08272,1.2608642428693881,v4_l100,2026-06-27 11:50:00+00:00,0.07748,dud_early,-5.1536295752234125,-0.05343322316072974,8.166666666666666
AAVE_USDT,2026-06-24 12:25:00+00:00,76.08,1.0,0.01311777076761304,276.67645777446495,"(True, False, False)",97.85,28.61461619348054,v4_l100,2026-06-27 12:25:00+00:00,95.9,max_hold_3d,26.051524710830716,0.2579942166140905,72.0
MYX_USDT,2026-06-27 01:40:00+00:00,0.08759,1.0,11.393994748258933,193.4840659052667,"(True, False, False)",0.1136,29.69517068158466,v4_l100,2026-06-27 12:45:00+00:00,0.09802,pullback_exit,11.907752026487035,0.11683936522434069,11.083333333333334
XPL_USDT,2026-06-27 05:40:00+00:00,0.1095,1.0,9.114155251141552,130.89976060823278,"(True, False, False)",0.10988,0.3470319634703245,v4_l100,2026-06-27 14:50:00+00:00,0.10398,dud_early,-5.041095890410956,-0.05231013698630127,9.166666666666666
PYTH_USDT,2026-06-26 17:20:00+00:00,0.03369,1.0,29.623033541110125,202.39708152027785,"(True, False, False)",0.03527,4.689818937370155,v4_l100,2026-06-27 17:20:00+00:00,0.03393,stale_dud,0.7123775601068688,0.00510952804986653,24.0
AIA_USDT,2026-06-27 09:40:00+00:00,0.0536,1.0,18.619402985074625,79.56501333739062,"(True, False, False)",0.05452,1.716417910447756,v4_l100,2026-06-27 21:40:00+00:00,0.05135,stale_half_day,-4.197761194029854,-0.043893656716417984,12.0
AERO_USDT,2026-06-27 13:45:00+00:00,0.4807,1.0,2.0761389640108177,11.502527379913861,"(True, False, False)",0.4828,0.43686290825878726,v4_l100,2026-06-28 01:45:00+00:00,0.465,stale_half_day,-3.266070314125232,-0.0345953817349699,12.0
CHIP_USDT,2026-06-27 15:45:00+00:00,0.03117,1.0,32.01796599294193,194.87218242560002,"(True, False, False)",0.03118,0.03208213025344752,v4_l100,2026-06-28 03:45:00+00:00,0.03073,stale_half_day,-1.4116137311517465,-0.0160879050368945,12.0
HMSTR_USDT,2026-06-26 05:20:00+00:00,0.0001705,1.0,5853.372434017595,166.35579631647528,"(True, False, False)",0.0001882,10.38123167155425,v4_l100,2026-06-28 05:25:00+00:00,0.0001784,medium_2d,4.6334310850439895,0.04424164222873905,48.083333333333336
PUMP_USDT,2026-06-27 17:45:00+00:00,0.0013956,1.0,715.1046145027228,177.35435195356405,"(True, False, False)",0.0014333,2.7013470908569706,v4_l100,2026-06-28 06:00:00+00:00,0.0013921,stale_half_day,-0.25078819145887293,-0.004502866150759566,12.25
STBL_USDT,2026-06-27 11:40:00+00:00,0.02482,1.0,40.20950846091862,93.08031608447257,"(True, False, False)",0.0264,6.3658340048348165,v4_l100,2026-06-28 13:15:00+00:00,0.02506,stale_dud,0.9669621273166827,0.00765028203062057,25.583333333333332
KGEN_USDT,2026-06-27 07:40:00+00:00,0.18795,1.0,5.309922851822293,134.9353889040507,"(True, False, False)",0.23094,22.8731045490822,v4_l100,2026-06-28 13:20:00+00:00,0.20733,pullback_exit,10.311252992817229,0.10090630486831609,29.666666666666668
ALT_USDT,2026-06-28 04:55:00+00:00,0.005827,1.0,171.27166638064185,112.05588845425908,"(True, False, False)",0.00594,1.9392483267547667,v4_l100,2026-06-28 16:55:00+00:00,0.005702,stale_half_day,-2.14518620216235,-0.023408958297580273,12.0
CYS_USDT,2026-06-27 22:40:00+00:00,0.339,1.0,2.943952802359882,84.684968816251,"(True, False, False)",0.3586,5.781710914454263,v4_l100,2026-06-28 18:45:00+00:00,0.3384,stale_half_day,-0.1769911504424911,-0.0037663716814161363,20.083333333333332
ZORA_USDT,2026-06-28 06:55:00+00:00,0.007594,1.0,131.4195417434817,96.43763823342438,"(True, False, False)",0.007817,2.9365288385567454,v4_l100,2026-06-28 18:55:00+00:00,0.007387,stale_half_day,-2.7258361864629936,-0.029203845140900686,12.0
PUMP_USDT,2026-06-28 08:55:00+00:00,0.0014856,1.0,671.7824448034464,241.6013535241937,"(True, False, False)",0.001513,1.844372644049551,v4_l100,2026-06-28 19:45:00+00:00,0.0014108,dud_early,-5.0350026925148,-0.052249326871297685,10.833333333333334
AIOT_USDT,2026-06-28 13:00:00+00:00,0.05332,1.0,18.717179294823705,126.28511462687852,"(True, False, False)",0.0538,0.9002250562640683,v4_l100,2026-06-28 21:45:00+00:00,0.05052,dud_early,-5.2513128282070465,-0.05440810202550628,8.75
OPN_USDT,2026-06-28 02:55:00+00:00,0.06393,1.0,15.610824339120914,177.04675385171927,"(True, False, False)",0.06921,8.259033317691214,v4_l100,2026-06-28 22:45:00+00:00,0.06379,stale_half_day,-0.21898951978726924,-0.004185515407477025,19.833333333333332
JTO_USDT,2026-06-28 15:05:00+00:00,0.8466,1.0,1.1788329789747225,196.65286716212563,"(True, False, False)",0.855,0.9922041105598822,v4_l100,2026-06-29 03:05:00+00:00,0.8344,stale_half_day,-1.4410583510512625,-0.016381762343491535,12.0
BRETT_USDT,2026-06-28 17:05:00+00:00,0.005519,1.0,180.8298604819714,124.09299682892512,"(True, False, False)",0.005531,0.21743069396631143,v4_l100,2026-06-29 05:05:00+00:00,0.005272,stale_half_day,-4.475448450806303,-0.046664975539046916,12.0
ARC_USDT,2026-06-28 19:10:00+00:00,0.08848,1.0,11.279385171790235,41.00378539275168,"(True, False, False)",0.08896,0.5424954792043335,v4_l100,2026-06-29 07:10:00+00:00,0.08689,stale_half_day,-1.7970162748643852,-0.019934222423146575,12.0
SLX_USDT,2026-06-28 21:10:00+00:00,0.58167,1.0,1.7157494799456736,88.97616016834216,"(True, False, False)",0.66132,13.693331270307906,v4_l100,2026-06-29 08:30:00+00:00,0.54841,dud_early,-5.718018807915152,-0.05906582770299318,11.333333333333334
GWEI_USDT,2026-06-28 10:55:00+00:00,0.13975,1.0,7.141323792486583,96.16834446360255,"(True, False, False)",0.22516,61.11627906976742,v4_l100,2026-06-29 10:15:00+00:00,0.20015,pullback_exit,43.220035778175294,0.42933595706618943,23.333333333333332
SQD_USDT,2026-06-29 01:10:00+00:00,0.03335,1.0,29.925037481259373,35.20556211307138,"(True, False, False)",0.03484,4.4677661169415455,v4_l100,2026-06-29 13:40:00+00:00,0.0333,stale_half_day,-0.14992503748124286,-0.0034962518740628834,12.5
AAVE_USDT,2026-06-28 23:10:00+00:00,91.15,1.0,0.010948985189248491,40.189688405450056,"(True, False, False)",94.66,3.8507953922106313,v4_l100,2026-06-29 14:00:00+00:00,90.01,stale_half_day,-1.250685682940209,-0.014481843115743298,14.833333333333334
NAORIS_USDT,2026-06-29 05:10:00+00:00,0.04074,1.0,24.49680903289151,167.3297356175942,"(True, False, False)",0.04132,1.4236622484045267,v4_l100,2026-06-29 17:10:00+00:00,0.03969,stale_half_day,-2.5773195876288546,-0.027721649484536037,12.0
EDGEX_USDT,2026-06-29 07:10:00+00:00,0.287,1.0,3.477351916376307,91.41060670992826,"(True, False, False)",0.2905,1.2195121951219525,v4_l100,2026-06-29 20:10:00+00:00,0.2863,stale_half_day,-0.24390243902438274,-0.00443414634146333,13.0
TAG_USDT,2026-06-29 09:10:00+00:00,0.0010125,1.0,985.6790123456791,206.35393783373024,"(True, False, False)",0.0011023,8.869135802469149,v4_l100,2026-06-29 21:10:00+00:00,0.0010048,stale_half_day,-0.7604938271604963,-0.00958972839506167,12.0
ARIA_USDT,2026-06-29 11:10:00+00:00,0.02729,1.0,36.57017222425797,107.12706153189829,"(True, False, False)",0.02797,2.4917552216929284,v4_l100,2026-06-29 23:10:00+00:00,0.02638,stale_half_day,-3.3345547819714096,-0.035278856724074714,12.0
FUN_USDT,2026-06-27 19:45:00+00:00,0.02229,1.0,44.773441004934945,53.07794302434072,"(True, False, False)",0.0262,17.541498429789144,v4_l100,2026-06-30 00:25:00+00:00,0.02332,medium_2d,4.620906235980258,0.0441166442350831,52.666666666666664
FARTCOIN_USDT,2026-06-29 03:10:00+00:00,0.13926,1.0,7.166451242280626,168.47331075672906,"(True, False, False)",0.14605,4.875771937383325,v4_l100,2026-06-30 00:25:00+00:00,0.1386,stale_half_day,-0.47393364928909515,-0.006729857819905205,21.25
SLX_USDT,2026-06-29 23:10:00+00:00,0.57731,1.0,1.7287072803173338,127.47863348927989,"(True, False, False)",0.57731,0.0,v4_l100,2026-06-30 00:55:00+00:00,0.52676,stoploss,-8.756127557118356,-0.08938615302004116,1.75
PIEVERSE_USDT,2026-06-29 13:10:00+00:00,0.7743,1.0,1.288906108743381,232.80029629085843,"(True, False, False)",0.7845,1.3173188686555581,v4_l100,2026-06-30 01:10:00+00:00,0.7511,stale_half_day,-2.99625468164794,-0.031902621722846414,12.0
UB_USDT,2026-06-28 00:40:00+00:00,0.0804,1.0,12.412935323383085,166.0560027918189,"(True, False, False)",0.12477,55.18656716417911,v4_l100,2026-06-30 02:10:00+00:00,0.11441,pullback_exit,42.30099502487562,0.4201639303482585,49.5
TROLL_USDT,2026-06-29 17:10:00+00:00,0.053,1.0,18.830188679245282,183.77195582640522,"(True, False, False)",0.05716,7.849056603773592,v4_l100,2026-06-30 03:20:00+00:00,0.05023,dud_early,-5.226415094339626,-0.05415962264150953,10.166666666666666
VELVET_USDT,2026-06-30 05:10:00+00:00,1.71586,1.0,0.5816325341228306,115.1161679756069,"(True, False, False)",1.74155,1.4972083969554622,v4_l100,2026-06-30 06:50:00+00:00,1.57372,stoploss,-8.283892625272454,-0.08467324840021906,1.6666666666666667
SPX_USDT,2026-06-29 19:10:00+00:00,0.3599,1.0,2.772992497916088,130.9926582741787,"(True, False, False)",0.3627,0.7779938871908932,v4_l100,2026-06-30 07:10:00+00:00,0.3502,stale_half_day,-2.6951931091969956,-0.02889802722978596,12.0
CHZ_USDT,2026-06-29 21:10:00+00:00,0.01905,1.0,52.38845144356955,242.56433833683357,"(True, False, False)",0.019408,1.8792650918635203,v4_l100,2026-06-30 09:15:00+00:00,0.019046,stale_half_day,-0.020997375328086775,-0.002209553805774367,12.083333333333334
ORDI_USDT,2026-06-29 15:10:00+00:00,3.678,1.0,0.2713431212615552,219.02813753611588,"(True, False, False)",4.346,18.162044589450794,v4_l100,2026-06-30 09:30:00+00:00,3.664,stale_half_day,-0.38064165307231623,-0.005798803697661614,18.333333333333332
XLM_USDT,2026-06-30 03:10:00+00:00,0.1826,1.0,5.465498357064622,72.10123763952764,"(True, False, False)",0.18738,2.6177437020810395,v4_l100,2026-06-30 15:10:00+00:00,0.17959,stale_half_day,-1.6484118291347276,-0.01845115005476461,12.0
KGEN_USDT,2026-06-30 07:10:00+00:00,0.21692,1.0,4.600774479070625,260.0602740688752,"(True, False, False)",0.22904,5.587313295224042,v4_l100,2026-06-30 15:10:00+00:00,0.2025,dud_early,-6.647612022865568,-0.0683431679881984,8.0
ARIA_USDT,2026-06-30 09:10:00+00:00,0.02793,1.0,35.73218761188686,201.8203699563415,"(True, False, False)",0.0283,1.324740422484779,v4_l100,2026-06-30 17:45:00+00:00,0.02649,dud_early,-5.155746509129969,-0.0534543501611171,8.583333333333334
PRO_USDT,2026-06-30 13:10:00+00:00,0.3693,1.0,2.702409964798267,515.3511974193784,"(True, False, False)",0.3693,0.0,v4_l100,2026-07-01 01:10:00+00:00,0.355,stale_half_day,-3.872190630923378,-0.04064446249661535,12.0
OPEN_USDT,2026-06-30 15:10:00+00:00,0.16566,1.0,6.024387299287698,120.39454890681056,"(True, False, False)",0.16624,0.3501146927441731,v4_l100,2026-07-01 03:10:00+00:00,0.16043,stale_half_day,-3.157068694917308,-0.03350754557527469,12.0
XPIN_USDT,2026-06-30 17:10:00+00:00,0.0013878,1.0,719.1237930537542,173.96435990234906,"(True, False, False)",0.0014424,3.934284479031555,v4_l100,2026-07-01 05:10:00+00:00,0.0013727,stale_half_day,-1.0880530335783323,-0.012858769275111759,12.0
BEAT_USDT,2026-06-30 21:20:00+00:00,2.8622,1.0,0.34868283138844247,139.41203304799356,"(True, False, False)",3.6325,26.912864230312337,v4_l100,2026-07-01 05:35:00+00:00,3.2014,pullback_exit,11.85102368807211,0.11627321640695976,8.25
DYDX_USDT,2026-07-01 03:30:00+00:00,0.19232,1.0,5.189267886855242,201.93610389927306,"(True, False, False)",0.24212,25.894342762063232,v4_l100,2026-07-01 06:45:00+00:00,0.2141,pullback_exit,11.3248752079867,0.11102225457570736,3.25
NOT_USDT,2026-06-30 19:20:00+00:00,0.0003879,1.0,2572.8280484660995,113.74764592636288,"(True, False, False)",0.0003883,0.10311936065996641,v4_l100,2026-07-01 07:20:00+00:00,0.0003802,stale_half_day,-1.9850476927042977,-0.021810775973188923,12.0
RIF_USDT,2026-06-30 11:10:00+00:00,0.08,1.0,12.475,408.1704708853566,"(True, False, False)",0.09834,22.924999999999994,v4_l100,2026-07-01 09:15:00+00:00,0.08675,pullback_exit,8.43749999999999,0.08220624999999981,22.083333333333332
HOME_USDT,2026-06-30 23:30:00+00:00,0.01756,1.0,56.83371298405467,79.18699585641066,"(True, False, False)",0.01784,1.5945330296127702,v4_l100,2026-07-01 12:50:00+00:00,0.01754,stale_half_day,-0.11389521640090651,-0.003136674259681005,13.333333333333334
JTO_USDT,2026-07-01 05:30:00+00:00,0.7879,1.0,1.2666582053560096,292.65088491915304,"(True, False, False)",0.8116,3.007995938570877,v4_l100,2026-07-01 17:30:00+00:00,0.7742,stale_half_day,-1.7387993400177741,-0.019353217413377366,12.0
IOTA_USDT,2026-07-01 09:30:00+00:00,0.03803,1.0,26.242440178806206,190.4541995283261,"(True, False, False)",0.03841,0.9992111490928173,v4_l100,2026-07-01 21:30:00+00:00,0.03758,stale_half_day,-1.1832763607678123,-0.013809098080462823,12.0
XLM_USDT,2026-07-01 01:30:00+00:00,0.19589,1.0,5.094696002858747,100.9358641347529,"(True, False, False)",0.20728,5.814487722701508,v4_l100,2026-07-02 00:15:00+00:00,0.19477,stale_half_day,-0.57174945122263,-0.0077060595232018025,22.75
