pair,entry_time,entry_price,stake,amount,score,rules_triggered,signal_tag,max_rate,peak_profit_pct,exit_time,exit_price,exit_reason,profit_pct,net_profit_usd,hold_hours
NFP_USDT,2026-06-03 09:25:00+00:00,0.01016,1.0,98.2283464566929,100.0,7.0,moji_strong,0.010278,1.161417322834646,2026-06-03 17:25:00+00:00,0.00962,dud_early,-5.314960629921265,-0.0550433070866142,8.0
NFP_USDT,2026-06-05 11:15:00+00:00,0.008401,1.0,118.7953815022021,75.0,5.0,moji_strong,0.01094,30.22259254850612,2026-06-05 16:30:00+00:00,0.00993,pullback_exit,18.200214260207108,0.1796381383168668,5.25
NFP_USDT,2026-06-05 16:30:00+00:00,0.00993,1.0,100.50352467270896,75.0,4.0,moji_strong,0.010107,1.782477341389729,2026-06-05 19:30:00+00:00,0.008889,stoploss,-10.483383685800607,-0.10662416918429007,3.0
SLX_USDT,2026-06-24 06:00:00+00:00,0.28852,1.0,3.4590323027866354,75.0,6.0,moji_strong,0.31143,7.94052405379176,2026-06-24 14:00:00+00:00,0.26655,dud_early,-7.6147234160543436,-0.07799493969222238,8.0
SAHARA_USDT,2026-06-24 10:00:00+00:00,0.01438,1.0,69.4019471488178,75.0,6.0,moji_strong,0.01448,0.6954102920723184,2026-06-24 15:35:00+00:00,0.01288,stoploss,-10.431154381084836,-0.10610292072322669,5.583333333333333
SWELL_USDT,2026-06-24 08:00:00+00:00,0.0007884,1.0,1265.8548959918824,75.0,5.0,moji_strong,0.0008019,1.712328767123295,2026-06-24 16:00:00+00:00,0.0007489,dud_early,-5.0101471334347965,-0.05200126839167929,8.0
LIGHT_USDT,2026-06-24 12:00:00+00:00,0.14577,1.0,6.846401865953213,100.0,6.0,moji_strong,0.14814,1.6258489401111225,2026-06-24 16:40:00+00:00,0.12953,stoploss,-11.140838306921866,-0.11318556630308019,4.666666666666667
NAORIS_USDT,2026-06-24 14:00:00+00:00,0.03564,1.0,28.002244668911338,100.0,6.0,moji_strong,0.03601,1.038159371492711,2026-06-24 16:50:00+00:00,0.032,stoploss,-10.213243546576873,-0.10392817059483728,2.8333333333333335
ESPORTS_USDT,2026-06-24 18:00:00+00:00,0.03375,1.0,29.57037037037037,90.0,5.0,moji_strong,0.04104,21.59999999999999,2026-06-25 08:10:00+00:00,0.03684,pullback_exit,9.155555555555543,0.08937244444444437,14.166666666666666
VELVET_USDT,2026-06-24 20:00:00+00:00,0.48356,1.0,2.063859707171809,75.0,5.0,moji_strong,0.49217,1.7805442964678648,2026-06-25 08:15:00+00:00,0.48254,stale_half_day,-0.21093556125402543,-0.004105136901315087,12.25
LIT_USDT,2026-06-24 22:00:00+00:00,1.6786,1.0,0.5945430716072918,75.0,6.0,moji_strong,1.702,1.3940188252114776,2026-06-25 10:00:00+00:00,1.6644,stale_half_day,-0.8459430477779096,-0.010442511616823524,12.0
UB_USDT,2026-06-24 16:00:00+00:00,0.06545,1.0,15.248281130634073,75.0,5.0,moji_strong,0.07448,13.796791443850283,2026-06-25 10:50:00+00:00,0.0651,stale_half_day,-0.5347593582887537,-0.007336898395721714,18.833333333333332
USELESS_USDT,2026-06-25 00:00:00+00:00,0.07261,1.0,13.744663269522105,90.0,4.0,moji_strong,0.0741,2.0520589450488984,2026-06-25 12:00:00+00:00,0.0718,stale_half_day,-1.115548822476231,-0.013133177248312755,12.0
HIGH_USDT,2026-06-25 04:00:00+00:00,0.03685,1.0,27.082767978290367,75.0,6.0,moji_strong,0.03717,0.8683853459972887,2026-06-25 12:00:00+00:00,0.03574,dud_early,-3.0122116689280864,-0.03206187245590231,8.0
ZEST_USDT,2026-06-25 06:00:00+00:00,0.28087,1.0,3.5532452736141273,85.0,6.0,moji_strong,0.28087,0.0,2026-06-25 14:00:00+00:00,0.25492,dud_early,-9.239149784597867,-0.09420671485028675,8.0
WARD_USDT,2026-06-25 08:00:00+00:00,0.008372,1.0,119.2068800764453,75.0,5.0,moji_strong,0.008631,3.09364548494984,2026-06-25 16:00:00+00:00,0.00805,dud_early,-3.8461538461538387,-0.04038461538461535,8.0
ZORA_USDT,2026-06-25 10:00:00+00:00,0.007545,1.0,132.27302849569253,100.0,5.0,moji_strong,0.007582,0.49039098740888765,2026-06-25 18:00:00+00:00,0.007219,dud_early,-4.320742213386348,-0.04512100728959578,8.0
SEI_USDT,2026-06-25 02:00:00+00:00,0.05568,1.0,17.923850574712645,75.0,4.0,moji_strong,0.05971,7.237787356321837,2026-06-26 02:00:00+00:00,0.05544,stale_half_day,-0.43103448275861556,-0.006301724137931064,24.0
VVV_USDT,2026-06-25 18:00:00+00:00,14.235,1.0,0.07010888654724272,90.0,4.0,moji_strong,14.422,1.3136635054443357,2026-06-26 02:00:00+00:00,13.613,dud_early,-4.36951176677204,-0.04560772743238495,8.0
VELVET_USDT,2026-06-25 12:00:00+00:00,0.49251,1.0,2.026354794826501,75.0,5.0,moji_strong,0.52439,6.472965015938767,2026-06-26 03:05:00+00:00,0.4915,stale_half_day,-0.20507197823394668,-0.004046618342774866,15.083333333333334
TA_USDT,2026-06-25 16:00:00+00:00,0.08307,1.0,12.013964126640182,75.0,4.0,moji_strong,0.08443,1.6371734681593835,2026-06-26 04:30:00+00:00,0.0819,stale_half_day,-1.4084507042253573,-0.01605633802816908,12.5
UB_USDT,2026-06-26 04:00:00+00:00,0.07205,1.0,13.85149201943095,90.0,4.0,moji_strong,0.08818,22.387231089521155,2026-06-26 10:30:00+00:00,0.07888,pullback_exit,9.479528105482308,0.0926056904927135,6.5
SKR_USDT,2026-06-26 00:00:00+00:00,0.008131,1.0,122.74013036526874,85.0,5.0,moji_strong,0.008339,2.558110933464517,2026-06-26 12:50:00+00:00,0.008103,stale_half_day,-0.34436108719712843,-0.005436723650227404,12.833333333333334
VELVET_USDT,2026-06-26 12:00:00+00:00,0.52064,1.0,1.9168715427166565,75.0,5.0,moji_strong,0.64377,23.649738783036256,2026-06-26 14:55:00+00:00,0.57423,pullback_exit,10.2931007990166,0.10072514597418558,2.9166666666666665
MAGMA_USDT,2026-06-26 06:00:00+00:00,0.501,1.0,1.9920159680638723,75.0,4.0,moji_strong,0.72868,45.44510978043912,2026-06-26 16:40:00+00:00,0.66246,pullback_exit,32.22754491017965,0.3196308982035929,10.666666666666666
TRUMP_USDT,2026-06-26 08:00:00+00:00,1.704,1.0,0.5856807511737089,75.0,4.0,moji_strong,1.742,2.2300469483568097,2026-06-26 20:00:00+00:00,1.699,stale_half_day,-0.2934272300469421,-0.004928403755868449,12.0
JTO_USDT,2026-06-25 22:00:00+00:00,0.7097,1.0,1.4062279836550655,100.0,7.0,moji_strong,0.8825,24.348316189939403,2026-06-27 00:10:00+00:00,0.7967,pullback_exit,12.2587008595181,0.12034183457799075,26.166666666666668
XCN_USDT,2026-06-27 00:00:00+00:00,0.004313,1.0,231.39346162763738,100.0,7.0,moji_strong,0.004322,0.20867145838164447,2026-06-27 04:15:00+00:00,0.003878,stoploss,-10.085787155112452,-0.10265615580802234,4.25
ZEC_USDT,2026-06-26 18:00:00+00:00,418.04,1.0,0.0023873313558511145,75.0,4.0,moji_strong,425.01,1.667304564156533,2026-06-27 06:00:00+00:00,412.59,stale_half_day,-1.3037029949287258,-0.01501095588938861,12.0
STG_USDT,2026-06-26 22:00:00+00:00,0.1752,1.0,5.69634703196347,75.0,4.0,moji_strong,0.1758,0.34246575342466734,2026-06-27 06:00:00+00:00,0.1643,dud_early,-6.221461187214608,-0.06409018264840172,8.0
ZIG_USDT,2026-06-26 16:00:00+00:00,0.04613,1.0,21.634511164101454,85.0,5.0,moji_strong,0.0469,1.669195751138088,2026-06-27 06:20:00+00:00,0.04611,stale_half_day,-0.04335573379579273,-0.0024326902232819636,14.333333333333334
VELVET_USDT,2026-06-27 02:00:00+00:00,0.74886,1.0,1.3326923590524264,75.0,5.0,moji_strong,0.95841,27.98253345084529,2026-06-27 07:15:00+00:00,0.8678,pullback_exit,15.882808535640846,0.15651042918569558,5.25
ZK_USDT,2026-06-26 20:00:00+00:00,0.01047,1.0,95.31996179560649,75.0,4.0,moji_strong,0.01056,0.8595988538681929,2026-06-27 08:00:00+00:00,0.01036,stale_half_day,-1.0506208213944672,-0.012485195797516724,12.0
NAORIS_USDT,2026-06-26 14:00:00+00:00,0.03822,1.0,26.1119832548404,75.0,4.0,moji_strong,0.04195,9.759288330716915,2026-06-27 10:50:00+00:00,0.03792,stale_half_day,-0.784929356357914,-0.009833594976451976,20.833333333333332
LAB_USDT,2026-06-25 20:00:00+00:00,17.946,1.0,0.055611278279282285,75.0,5.0,moji_strong,20.792,15.858687172628997,2026-06-27 12:00:00+00:00,17.858,stale_half_day,-0.49035996879528004,-0.006893792488576911,40.0
MYX_USDT,2026-06-27 04:00:00+00:00,0.10182,1.0,9.801610685523473,75.0,5.0,moji_strong,0.1136,11.569436260066798,2026-06-27 12:45:00+00:00,0.09802,dud_early,-3.7320762129247678,-0.03924612060498922,8.75
VELVET_USDT,2026-06-27 10:00:00+00:00,1.18667,1.0,0.84100887357058,100.0,5.0,moji_strong,1.47039,23.908921604152816,2026-06-27 14:15:00+00:00,1.30943,pullback_exit,10.344914761475406,0.10124224931952464,4.25
SIREN_USDT,2026-06-26 02:00:00+00:00,0.07998,1.0,12.478119529882472,75.0,5.0,moji_strong,0.10815,35.22130532633159,2026-06-27 17:15:00+00:00,0.09689,pullback_exit,21.14278569642412,0.20900500125031263,39.25
VIRTUAL_USDT,2026-06-27 16:00:00+00:00,0.549,1.0,1.8178506375227685,85.0,5.0,moji_strong,0.5506,0.2914389799635582,2026-06-28 00:00:00+00:00,0.5305,dud_early,-3.369763205828792,-0.03563023679417132,8.0
VELVET_USDT,2026-06-28 00:00:00+00:00,1.53537,1.0,0.6500061874336479,100.0,5.0,moji_strong,1.54046,0.3315161817672639,2026-06-28 00:45:00+00:00,1.34115,stoploss,-12.649719611559417,-0.12824420172336304,0.75
HMSTR_USDT,2026-06-27 14:00:00+00:00,0.0001825,1.0,5468.493150684932,100.0,5.0,moji_strong,0.0001874,2.684931506849321,2026-06-28 02:20:00+00:00,0.0001821,stale_half_day,-0.21917808219177132,-0.004187397260273951,12.333333333333334
SLX_USDT,2026-06-27 18:00:00+00:00,0.54539,1.0,1.82988320284567,75.0,6.0,moji_strong,0.6379,16.96217385723977,2026-06-28 02:35:00+00:00,0.52276,dud_early,-4.1493243367131845,-0.04341025688039768,8.583333333333334
TRADOOR_USDT,2026-06-27 06:00:00+00:00,0.4229,1.0,2.359895956490896,85.0,5.0,moji_strong,0.4704,11.23196973279735,2026-06-28 02:55:00+00:00,0.4213,stale_half_day,-0.3783400331047506,-0.005775833530385466,20.916666666666668
AIN_USDT,2026-06-27 12:00:00+00:00,0.08272,1.0,12.064796905222437,100.0,7.0,moji_strong,0.08968,8.413926499032874,2026-06-28 03:30:00+00:00,0.08256,stale_half_day,-0.19342359767892572,-0.0039303675048356634,15.5
XPL_USDT,2026-06-25 14:00:00+00:00,0.0915,1.0,10.907103825136613,75.0,4.0,moji_strong,0.10999,20.20765027322405,2026-06-28 06:05:00+00:00,0.09896,pullback_exit,8.153005464480884,0.0793669945355191,64.08333333333333
W_USDT,2026-06-26 10:00:00+00:00,0.009411,1.0,106.04611624694508,85.0,4.0,moji_strong,0.011002,16.90574859207311,2026-06-28 10:00:00+00:00,0.009752,medium_2d,3.623419402826491,0.03416172564020825,48.0
STG_USDT,2026-06-28 04:00:00+00:00,0.1816,1.0,5.495594713656387,100.0,6.0,moji_strong,0.1825,0.4955947136563789,2026-06-28 12:00:00+00:00,0.1689,dud_early,-6.99339207048459,-0.07179405286343621,8.0
KGEN_USDT,2026-06-27 08:00:00+00:00,0.18768,1.0,5.317561807331628,75.0,3.0,moji_strong,0.23094,23.049872122762142,2026-06-28 13:20:00+00:00,0.20733,pullback_exit,10.469948849104844,0.10249008951406635,29.333333333333332
SIREN_USDT,2026-06-28 10:00:00+00:00,0.10309,1.0,9.680861383257348,75.0,4.0,moji_strong,0.10347,0.3686099524687218,2026-06-28 15:25:00+00:00,0.09249,stoploss,-10.28227762149578,-0.10461713066252787,5.416666666666667
WAL_USDT,2026-06-28 08:00:00+00:00,0.03352,1.0,29.773269689737468,85.0,5.0,moji_strong,0.03399,1.4021479713603764,2026-06-28 16:10:00+00:00,0.0325,dud_early,-3.0429594272076375,-0.03236873508353222,8.166666666666666
ZORA_USDT,2026-06-28 06:00:00+00:00,0.007481,1.0,133.40462505012698,85.0,5.0,moji_strong,0.007817,4.491378158000261,2026-06-28 18:00:00+00:00,0.00745,stale_half_day,-0.41438310386311694,-0.006135543376553865,12.0
VVV_USDT,2026-06-28 12:00:00+00:00,13.7491,1.0,0.072586569302718,75.0,4.0,moji_strong,13.8275,0.570219141616544,2026-06-28 20:00:00+00:00,13.1111,dud_early,-4.640303728971349,-0.048310231215134114,8.0
HOOLI_USDT,2026-06-28 20:00:00+00:00,0.0001611,1.0,6194.909993792675,100.0,5.0,moji_strong,0.0001696,5.276225946617001,2026-06-28 21:25:00+00:00,0.0001442,stoploss,-10.49037864680323,-0.10669397889509624,1.4166666666666667
DN_USDT,2026-06-28 22:00:00+00:00,0.38185,1.0,2.6135917244991487,75.0,4.0,moji_strong,0.47019,23.134738771769012,2026-06-28 23:45:00+00:00,0.423,pullback_exit,10.776482912138265,0.10554929946313996,1.75
RIF_USDT,2026-06-28 16:00:00+00:00,0.07277,1.0,13.714442764875635,100.0,5.0,moji_strong,0.07277,0.0,2026-06-29 00:00:00+00:00,0.06914,dud_early,-4.988319362374616,-0.05178342723649865,8.0
DN_USDT,2026-06-29 00:00:00+00:00,0.42534,1.0,2.3463582075516056,75.0,5.0,moji_strong,0.4261,0.17868058494380565,2026-06-29 01:25:00+00:00,0.38236,stoploss,-10.104857290638082,-0.10284647576056805,1.4166666666666667
VELVET_USDT,2026-06-28 02:00:00+00:00,1.57212,1.0,0.6348115919904334,75.0,4.0,moji_strong,2.07214,31.805460142991638,2026-06-29 03:40:00+00:00,1.86251,pullback_exit,18.471236292394995,0.1823429381981021,25.666666666666668
VELVET_USDT,2026-06-29 04:00:00+00:00,1.9376,1.0,0.5150701899256812,75.0,5.0,moji_strong,1.9376,0.0,2026-06-29 04:45:00+00:00,1.39556,stoploss,-27.974814203137903,-0.2811886457473163,0.75
OPG_USDT,2026-06-28 18:00:00+00:00,0.13127,1.0,7.602651024605774,75.0,4.0,moji_strong,0.13367,1.828292831568533,2026-06-29 06:00:00+00:00,0.12821,stale_half_day,-2.331073360249872,-0.02526411213529367,12.0
OPN_USDT,2026-06-27 22:00:00+00:00,0.06205,1.0,16.083803384367446,85.0,4.0,moji_strong,0.06921,11.539081385979037,2026-06-29 06:30:00+00:00,0.06226,stale_dud,0.338436744560841,0.0013775987107171872,32.5
TA_USDT,2026-06-28 14:00:00+00:00,0.07422,1.0,13.446510374562113,75.0,3.0,moji_strong,0.07627,2.7620587442737947,2026-06-29 09:15:00+00:00,0.07343,stale_half_day,-1.0644031258420898,-0.012622743195904063,19.25
SQD_USDT,2026-06-29 02:00:00+00:00,0.03372,1.0,29.59667852906287,75.0,4.0,moji_strong,0.03484,3.321470937129309,2026-06-29 14:00:00+00:00,0.03343,stale_half_day,-0.8600237247924039,-0.0105830367734282,12.0
WARD_USDT,2026-06-29 08:00:00+00:00,0.006981,1.0,142.95946139521558,75.0,6.0,moji_strong,0.009769,39.93697178054719,2026-06-29 17:10:00+00:00,0.0087,pullback_exit,24.623979372582713,0.24374731413837547,9.166666666666666
ORDI_USDT,2026-06-29 14:00:00+00:00,3.53,1.0,0.28271954674220967,75.0,4.0,moji_strong,4.346,23.11614730878188,2026-06-29 20:00:00+00:00,3.869,pullback_exit,9.603399433427775,0.0938419263456094,6.0
TAG_USDT,2026-06-29 10:00:00+00:00,0.0010364,1.0,962.948668467773,100.0,5.0,moji_strong,0.0011023,6.3585488228483245,2026-06-29 20:05:00+00:00,0.0010044,dud_early,-3.0876109610189237,-0.03281435739096894,10.083333333333334
PIEVERSE_USDT,2026-06-29 12:00:00+00:00,0.7677,1.0,1.299986974078416,100.0,6.0,moji_strong,0.7845,2.188354826103937,2026-06-30 00:30:00+00:00,0.7618,stale_half_day,-0.7685293734531738,-0.00966992314706272,12.5
HNT_USDT,2026-06-29 16:00:00+00:00,0.2631,1.0,3.7932345115925505,75.0,4.0,moji_strong,0.2647,0.6081337894336718,2026-06-30 00:35:00+00:00,0.2547,dud_early,-3.192702394526803,-0.033863169897377476,8.583333333333334
UB_USDT,2026-06-29 06:00:00+00:00,0.09295,1.0,10.736955352339967,75.0,4.0,moji_strong,0.12477,34.23345884884346,2026-06-30 02:15:00+00:00,0.10982,pullback_exit,18.149542764927375,0.17913243679397528,20.25
VVV_USDT,2026-06-29 20:00:00+00:00,13.737,1.0,0.072650505932882,100.0,6.0,moji_strong,13.7828,0.3334061294314613,2026-06-30 04:00:00+00:00,12.9935,dud_early,-5.412389895901586,-0.056015651161097746,8.0
WARD_USDT,2026-06-29 22:00:00+00:00,0.009507,1.0,104.97528137162091,90.0,4.0,moji_strong,0.009507,0.0,2026-06-30 04:25:00+00:00,0.008515,stoploss,-10.434416745555906,-0.10613547912064791,6.416666666666667
ZRO_USDT,2026-06-29 18:00:00+00:00,0.8245,1.0,1.2104305639781685,100.0,6.0,moji_strong,0.828,0.4244996967859245,2026-06-30 06:00:00+00:00,0.8085,stale_half_day,-1.9405700424499714,-0.021366889023650693,12.0
MYX_USDT,2026-06-30 00:00:00+00:00,0.10234,1.0,9.751807699824116,75.0,5.0,moji_strong,0.10475,2.354895446550709,2026-06-30 08:00:00+00:00,0.09866,dud_early,-3.5958569474301374,-0.03788665233535282,8.0
HMSTR_USDT,2026-06-30 02:00:00+00:00,0.0001933,1.0,5162.959130884635,75.0,5.0,moji_strong,0.000195,0.8794619762027868,2026-06-30 10:00:00+00:00,0.0001841,dud_early,-4.759441282979828,-0.04949922400413864,8.0
PUMP_USDT,2026-06-27 20:00:00+00:00,0.0013684,1.0,729.3189125986553,90.0,5.0,moji_strong,0.0015276,11.634025138848287,2026-06-30 11:30:00+00:00,0.0014365,medium_2d,4.976615024846534,0.04766661794796856,63.5
XLM_USDT,2026-06-30 04:00:00+00:00,0.18309,1.0,5.450871156261948,85.0,4.0,moji_strong,0.18738,2.3431099459282256,2026-06-30 12:00:00+00:00,0.17654,dud_early,-3.5774755584685125,-0.03770320607351574,8.0
TRADOOR_USDT,2026-06-30 06:00:00+00:00,0.4348,1.0,2.295308187672493,100.0,5.0,moji_strong,0.4416,1.5639374425022934,2026-06-30 15:15:00+00:00,0.4213,dud_early,-3.104875804967804,-0.03298666053357868,9.25
WARD_USDT,2026-06-30 08:00:00+00:00,0.009447,1.0,105.64200275219646,75.0,5.0,moji_strong,0.009953,5.356197734730596,2026-06-30 16:00:00+00:00,0.008575,dud_early,-9.230443527045635,-0.09411982639991545,8.0
STBL_USDT,2026-06-30 10:00:00+00:00,0.02626,1.0,38.004569687738005,75.0,3.0,moji_strong,0.02626,0.0,2026-06-30 18:00:00+00:00,0.02519,dud_early,-4.074638233054068,-0.04266488956587966,8.0
SLX_USDT,2026-06-30 14:00:00+00:00,0.58052,1.0,1.7191483497553917,75.0,5.0,moji_strong,0.60434,4.103217804726788,2026-06-30 22:00:00+00:00,0.52921,dud_early,-8.838627437469867,-0.09020950182594933,8.0
USELESS_USDT,2026-06-30 16:00:00+00:00,0.08778,1.0,11.369332421964002,75.0,5.0,moji_strong,0.08865,0.9911141490088969,2026-06-30 23:00:00+00:00,0.07888,stoploss,-10.13898382319434,-0.1031870585554795,7.0
LAB_USDT,2026-06-30 20:00:00+00:00,13.663,1.0,0.07304398741125667,75.0,4.0,moji_strong,13.918,1.866354387762563,2026-07-01 03:55:00+00:00,12.271,stoploss,-10.188099246139204,-0.10367723047646926,7.916666666666667
XPIN_USDT,2026-06-30 18:00:00+00:00,0.0013902,1.0,717.8823190907783,75.0,5.0,moji_strong,0.0014424,3.7548554164868264,2026-07-01 06:00:00+00:00,0.0013818,stale_half_day,-0.6042296072507544,-0.008030211480362537,12.0
CYS_USDT,2026-06-30 22:00:00+00:00,0.3706,1.0,2.6929303831624396,75.0,5.0,moji_strong,0.3877,4.614139233675123,2026-07-01 09:45:00+00:00,0.3578,dud_early,-3.453858607663243,-0.03646950890447909,11.75
RIF_USDT,2026-06-30 12:00:00+00:00,0.08186,1.0,12.191546542878084,100.0,6.0,moji_strong,0.09834,20.131932567798675,2026-07-01 11:00:00+00:00,0.08844,pullback_exit,8.038113852919622,0.07822037625213785,23.0
XCN_USDT,2026-07-01 00:00:00+00:00,0.003894,1.0,256.29173086800205,100.0,6.0,moji_strong,0.00408,4.77657935285055,2026-07-01 12:00:00+00:00,0.003888,stale_half_day,-0.15408320493066074,-0.003537750385208094,12.0
STG_USDT,2026-07-01 04:00:00+00:00,0.1759,1.0,5.673678226264923,75.0,4.0,moji_strong,0.1779,1.13700966458215,2026-07-01 12:00:00+00:00,0.1702,dud_early,-3.2404775440591305,-0.03433996588971011,8.0
XLM_USDT,2026-07-01 02:00:00+00:00,0.20114,1.0,4.9617182062245195,75.0,6.0,moji_strong,0.20728,3.0526001789798043,2026-07-01 14:00:00+00:00,0.19813,stale_half_day,-1.4964701203142152,-0.01693477180073588,12.0
USELESS_USDT,2026-07-01 06:00:00+00:00,0.08206,1.0,12.161832805264442,75.0,5.0,moji_strong,0.08285,0.9627102120399695,2026-07-01 18:00:00+00:00,0.08015,stale_half_day,-2.3275651961978983,-0.02522910065805506,12.0
SKR_USDT,2026-07-01 10:00:00+00:00,0.009416,1.0,105.98980458793542,75.0,4.0,moji_strong,0.009422,0.06372132540355842,2026-07-01 18:00:00+00:00,0.008722,dud_early,-7.370433305012745,-0.07555692438402717,8.0
HOME_USDT,2026-07-01 12:00:00+00:00,0.01775,1.0,56.22535211267606,75.0,4.0,moji_strong,0.01784,0.5070422535211452,2026-07-01 20:00:00+00:00,0.01647,dud_early,-7.211267605633803,-0.07396845070422531,8.0
VVV_USDT,2026-07-01 16:00:00+00:00,14.3553,1.0,0.06952136144838492,100.0,6.0,moji_strong,14.7494,2.7453275097002496,2026-07-02 00:00:00+00:00,13.258,dud_early,-7.643866725181645,-0.07828578991731283,8.0
