n_bars,pre_open,pre_close,pre_change_pct,pre_high,pre_low,pre_range_pct,pre_volatility,volume_ratio,sma_slope_pct,staircase_score,vol_concentration,symbol,pump_day,max_gain_pct,timeframe
6,0.06913,0.07252,4.90380442644294,0.07252,0.06788,6.83559222156748,1.6086181763474423,5.8297733886117244,2.2221151065265676,0,0.843494948405422,AIN_USDT,2026-06-25,37.91970281468783,1h
6,0.0857,0.09518,11.06184364060677,0.09653,0.08501,13.551346900364667,2.1294640226724715,1.6620013426815616,6.8221037696054045,0,0.4944014149437931,AIN_USDT,2026-06-26,21.746431570109152,1h
6,0.04963,0.04855,-2.1761031634092234,0.05012,0.04648,7.831325301204814,0.5923244331666527,0.4774726221589007,-1.7091716573581768,0,0.229236423393834,AIOT_USDT,2026-06-30,29.347162904209895,1h
6,0.031698,0.032418,2.2714366837024587,0.032751,0.030945,5.836160930683477,2.1423983485819704,3.2461751402654535,1.5673746741313839,0,0.6389962513679015,BAS_USDT,2026-06-24,54.55318077371022,1h
6,0.037846,0.040602,7.282143423347254,0.04244,0.037449,13.32745867713422,3.432575314665763,0.23184690156108312,2.6474366944340795,0,0.12282099490564202,BAS_USDT,2026-06-25,39.81923048113654,1h
6,0.041668,0.045869,10.082077373524056,0.046572,0.041572,12.027326084864825,2.608405874570645,1.0290170552662232,3.317275443624602,0,0.37213048723370473,BAS_USDT,2026-06-28,21.078484881563156,1h
6,0.044394,0.047885,7.863675271433062,0.047978,0.044121,8.741868951293034,1.8502982204674958,1.0839996091696011,2.5541773181501375,0,0.36867932408369036,BAS_USDT,2026-06-29,30.356684079815015,1h
6,0.043163,0.046349,7.3813219655723685,0.046728,0.043088,8.447827701448194,1.5385957979445537,1.4854683281783563,4.021586957503495,0,0.34450117501332544,BAS_USDT,2026-07-01,40.64656331212474,1h
6,1.6825,1.6829,0.02377414561663928,1.7615,1.6485,6.854716408856536,1.9337606697324174,0.47703043060548833,-1.6921323572021931,0,0.17596859144628188,BEAT_USDT,2026-06-25,26.03221083455345,1h
6,1.9014,2.1631,13.763542652782162,2.19,1.8012,21.585609593604264,3.5331976831357212,0.8943689448113551,11.197810927707653,0,0.3182974405416531,BEAT_USDT,2026-06-26,26.874940288525856,1h
6,2.9267,2.9226,-0.14008952062048624,3.0114,2.8304,6.394855850763145,2.353387445469902,1.0147077256934245,1.746356460131988,0,0.3464189560633184,BEAT_USDT,2026-07-01,26.21749896822122,1h
6,0.275,0.2758,0.29090909090907907,0.2809,0.272,3.272058823529398,0.7110931461951915,2.1091242747088463,0.04808848280838213,0,0.5312596893536516,COAI_USDT,2026-06-29,20.058565153733536,1h
6,0.36279,0.37106,2.2795556658121776,0.37142,0.358,3.748603351955304,1.2348665497925773,0.9724605568598582,0.7194310790546293,0,0.3306653423360063,DN_USDT,2026-06-26,24.471074380165295,1h
6,0.30266,0.29141,-3.7170422255996773,0.30996,0.2655,16.745762711864405,2.152009780963304,0.9928322787314581,-2.643276710588982,0,0.3312481098270664,DN_USDT,2026-06-28,82.70012369676624,1h
6,0.29425,0.27377,-6.960067969413764,0.29949,0.26363,13.602397299245157,2.7188708893583087,0.6660298607182727,-1.9949423995504418,0,0.2584314722223636,DN_USDT,2026-07-01,30.235203463838857,1h
6,0.17838,0.1865,4.5520798295773,0.1865,0.17651,5.659735992295054,1.0008439937331945,1.024726430976431,2.198580238862691,0,0.36671343692078506,DYDX_USDT,2026-07-01,36.21705771155344,1h
6,0.4255,0.413,-2.9377203290246796,0.431,0.4107,4.942780618456291,1.0285557230348257,4.4777959567215255,-1.7792757485499422,0,0.1276112398359271,EPIC_USDT,2026-07-01,25.802644003777164,1h
6,0.03374,0.035,3.7344398340249088,0.0385,0.0335,14.925373134328348,2.1858525597793657,2.157972355788138,2.6612584091808587,0,0.6161896044648955,ESPORTS_USDT,2026-06-25,21.682940838598512,1h
6,0.03192,0.03082,-3.4461152882205415,0.03472,0.03052,13.761467889908266,3.0857709705830665,0.7303605282756435,-2.7434554973822,0,0.2509411597582839,ESPORTS_USDT,2026-06-26,110.01615508885301,1h
6,0.05675,0.05343,-5.850220264317187,0.06111,0.0505,21.009900990099,6.640524603683314,1.0525549433282353,0.6177747874487591,0,0.3768234655670159,ESPORTS_USDT,2026-06-27,42.09787756533942,1h
6,0.02221,0.0231,4.007203962179191,0.02311,0.02191,5.476951163852121,0.8364919314457261,0.4922080386957838,3.059071729957817,0,0.18610719322990127,FUN_USDT,2026-07-01,21.27949183303085,1h
6,0.13434,0.13121,-2.3299091856483507,0.13625,0.13078,4.182596727328339,1.2330449325741484,0.43146861031398775,-1.3204008095167359,0,0.14941765037679952,GWEI_USDT,2026-06-28,29.8201301186376,1h
6,0.16281,0.16643,2.2234506479945852,0.16754,0.15248,9.876705141657915,2.190301223932535,0.7840540291024265,2.05301184750246,0,0.34918619343700347,GWEI_USDT,2026-06-29,52.17312348668279,1h
6,0.06909,0.06329,-8.394847300622377,0.07128,0.05002,42.502998800479794,14.877831581396926,0.9467508604909958,1.2651234738412092,0,0.3081830816110969,H_USDT,2026-06-25,27.71587743732592,1h
6,0.0594,0.06272,5.589225589225584,0.0631,0.05904,6.876693766937671,1.496383901106908,2.172801575346272,3.266625787390604,0,0.541692789804956,H_USDT,2026-06-29,24.44624090541632,1h
6,0.07327,0.07288,-0.5322778763477569,0.07697,0.06707,14.760697778440424,4.217573469885991,0.2866408140832304,1.5115391951172956,0,0.1520376048665662,H_USDT,2026-06-30,29.170135997779624,1h
6,0.007778,0.008061,3.638467472357936,0.008092,0.007757,4.318679902023981,0.84515937895213,2.5693419002227027,1.4072566971854672,0,0.5267898113395763,HFT_USDT,2026-07-01,32.17059197963083,1h
6,0.0342,0.03591,4.999999999999989,0.03656,0.03398,7.592701589170097,1.5098186910979627,1.1568847352024922,2.027481502834631,0,0.5205301948614676,HIGH_USDT,2026-06-29,31.82339449541284,1h
6,0.0002286,0.0002106,-7.874015748031497,0.0002357,0.0002005,17.556109725685793,1.8285064667905107,1.2347048886127208,-5.007407407407424,0,0.5066146180171262,HOOLI_USDT,2026-06-25,29.90654205607476,1h
6,0.3192,0.338,5.889724310776955,0.3408,0.3041,12.068398553107535,5.313139233655689,13.624358350254774,0.9295039164491056,0,0.9069790111865554,IP_USDT,2026-06-25,20.640243902439018,1h
6,0.6902,0.7221,4.621848739495787,0.7259,0.6812,6.561949500880793,1.4691060231486324,0.6259286712543121,2.644311377245489,0,0.3043237467822161,JTO_USDT,2026-06-26,26.667620956198114,1h
6,0.1789,0.1856,3.7451089994410194,0.18793,0.17733,5.977555969097178,1.4577314903404326,2.048522174226281,1.8705326791981474,0,0.5253718315748469,KGEN_USDT,2026-06-27,27.97299540700569,1h
5,14.597,15.017,2.8773035555251076,15.239,13.584,12.183451118963495,1.7482611778985597,0.5580092480257169,4.236063398801191,0,0.2765462636770321,LAB_USDT,2026-06-24,45.44084400904296,1h
6,16.254,16.884,3.8759689922480556,17.048,15.684,8.696761030349395,2.3654041003570354,1.333682728492855,-0.16658878979337632,0,0.29086180829636704,LAB_USDT,2026-06-25,22.277593207825756,1h
6,0.41382,0.41927,1.316997728480971,0.42273,0.41032,3.024468707350355,1.3430634998508364,0.7524515241602698,0.256205603001028,0,0.2740600075958982,MAGMA_USDT,2026-06-26,79.82645905146796,1h
6,0.001002,0.001021,1.8962075848303312,0.0010265,0.0009941,3.2592294537773,0.4889157414394686,0.9919988215799428,0.9963467286615769,0,0.3338105731647956,MANA3_USDT,2026-06-26,26.144697720515364,1h
6,0.001006,0.00098,-2.5844930417495013,0.0012728,0.0009163,38.90647167958092,12.680666403862967,1.042120435007199,5.557393317896135,0,0.34701631033615665,MANA3_USDT,2026-06-27,81.34503520767427,1h
6,0.08345,0.08731,4.625524266027564,0.08779,0.08345,5.2007189934092395,1.4090730497788684,0.5527246554467805,2.3212265439082476,0,0.23171999203288246,MANTA_USDT,2026-06-28,88.80960875252704,1h
6,0.07936,0.07949,0.1638104838709742,0.08177,0.07866,3.9537248919399968,0.98686829524167,0.9900485755546803,0.15918230563004068,0,0.22333951260703777,MYX_USDT,2026-06-27,45.13118062563066,1h
6,3.209,3.342,4.144593331255843,3.35,3.188,5.081555834378918,1.2423539630788674,0.8112824781539514,0.8503227128368288,0,0.4205079624916543,ORDI_USDT,2026-06-29,35.74759092322039,1h
6,0.6604,0.6812,3.149606299212605,0.6909,0.6598,4.713549560472856,1.0865844503517745,1.0242709593374892,0.7718951014349307,0,0.4349910180906869,PIEVERSE_USDT,2026-06-27,29.360993337371283,1h
6,0.018909,0.018698,-1.1158707493785995,0.019152,0.018274,4.804640472802892,1.454795412519938,0.291343856930725,1.1535843513775046,0,0.13257576668049567,QAIT_USDT,2026-06-26,35.003173931443065,1h
6,0.010774,0.011122,3.229998143679222,0.01115,0.010592,5.268126888217517,1.2013323774743572,0.8164964408791822,1.0645191150606201,0,0.3140345900933177,QAIT_USDT,2026-06-28,20.693179706374277,1h
6,0.008372,0.008612,2.8666985188724396,0.009295,0.008342,11.424118916327007,1.0843319211335798,0.046647079875820854,0.7801779903555868,0,0.04456810779174513,QAIT_USDT,2026-07-01,21.557377049180314,1h
6,0.05779,0.06191,7.129261117840454,0.06191,0.05752,7.632127955493738,2.291546244940425,0.578613792637883,3.0981860063345708,0,0.36653283744025333,RIF_USDT,2026-06-28,37.29828647479623,1h
6,0.0739,0.07599,2.828146143437089,0.07613,0.07254,4.9489936586710925,1.6046623741366968,5.987526842417874,1.402378142870133,0,0.8568878485117958,RIF_USDT,2026-06-30,28.606191699337586,1h
6,0.0928,0.096,3.4482758620689746,0.096,0.08565,12.084063047285461,3.0753567541275126,0.6134526607672163,3.656369342458512,0,0.37481817476707496,RIF_USDT,2026-07-01,30.763342082239724,1h
6,0.08699,0.08743,0.5058052649729807,0.08856,0.0843,5.05338078291815,0.288521704674328,0.7744053031868723,0.9559563433702406,0,0.2747728401065151,SIREN_USDT,2026-06-27,26.94032424974128,1h
6,0.2575,0.2683,4.194174757281544,0.2718,0.2531,7.3883840379296695,1.598808297272058,2.753359059387602,1.9327406262079647,0,0.6480415094545294,SKYAI_USDT,2026-06-25,20.2217125382263,1h
6,0.2848,0.293,2.8792134831460623,0.2978,0.2848,4.564606741573038,1.2279056613669828,1.1283457258255256,-1.2034514078110994,0,0.419099679477428,SKYAI_USDT,2026-06-26,30.38368475630832,1h
6,0.29809,0.32075,7.601731020832619,0.33802,0.287,17.77700348432056,3.771595840684294,0.6402897572960478,1.997296419327455,0,0.261690062881714,SLX_USDT,2026-06-25,30.848313223343997,1h
6,0.40038,0.41999,4.897847045306948,0.42951,0.3888,10.470679012345686,3.5617919781801852,1.1369298534934937,-2.2036142827150798,0,0.26585789545223026,SLX_USDT,2026-06-27,64.18798334324805,1h
6,0.06964,0.07236,3.905801263641586,0.07299,0.0694,5.172910662824202,1.3668777139154558,2.3706379150610255,1.648612694792835,0,0.6003206724161969,TA_USDT,2026-06-25,23.01838024124067,1h
6,0.07187,0.07383,2.727146236259918,0.0749,0.07125,5.1228070175438605,1.5516267233393592,1.7731032354689884,3.274500696702283,0,0.4294844829223943,TA_USDT,2026-07-01,20.826353992183144,1h
6,0.000897,0.000928,3.4559643255295427,0.0009296,0.0008777,5.913182180699557,1.2465185892159343,1.5478484332626836,2.718556119571359,0,0.45790863707050455,TAG_USDT,2026-06-29,25.09013068949978,1h
6,5.274e-05,5.36e-05,1.6306408797876413,5.461e-05,5.202e-05,4.978854286812766,1.8634718528426628,1.5626051886017749,1.3711673966863451,0,0.19390663837430014,TEA_USDT,2026-06-26,24.461367013372953,1h
6,0.06975,0.07006,0.44444444444443126,0.07253,0.06682,8.545345704878768,2.8830320270997114,1.000553427038853,1.1686869174675187,0,0.3526357905791499,UB_USDT,2026-06-26,28.100358422939053,1h
6,0.08397,0.08713,3.763248779325945,0.08776,0.08363,4.938419227549933,1.1288858846908916,0.8741651179140103,1.0299551851560702,0,0.36774863038584726,UB_USDT,2026-06-29,45.7233368532207,1h
6,0.49314,0.51822,5.0857768584985985,0.52034,0.48165,8.032803903249247,1.3536026917586406,2.3424780368973392,3.9656249151483904,0,0.6207750294570787,VELVET_USDT,2026-06-26,40.96888906161947,1h
6,0.68405,0.67646,-1.1095680140340758,0.72544,0.66224,9.543367963276141,2.878777068403654,0.6402698634982575,-0.8739548975991501,0,0.24534451584969355,VELVET_USDT,2026-06-27,158.35499497843682,1h
6,1.39327,1.36252,-2.2070381189575645,1.74927,1.30198,34.35459838092753,8.528730499817996,2.0852344238928135,6.618411768032284,0,0.5772850569141863,VELVET_USDT,2026-06-28,21.47305504675601,1h
6,12.2932,12.7599,3.796407770149346,12.8247,12.0368,6.545759670344283,0.8901033682928895,0.9027779258864304,2.1518272894031303,0,0.3031361911753992,VVV_USDT,2026-07-01,22.927519402033035,1h
6,0.008894,0.009312,4.699797616370586,0.009433,0.008859,6.479286601196521,1.1521628981595324,0.6869759244129352,2.3540213000367345,0,0.27449549908487375,W_USDT,2026-06-26,20.41106373674427,1h
6,0.006557,0.006861,4.63626658532865,0.006991,0.006478,7.91911083667798,1.203001299874472,1.337583490943278,2.8290529695024045,0,0.28600867923522694,WARD_USDT,2026-06-29,42.68104776579353,1h
