pair,entry_time,entry_price,stake,amount,score,cats,tag,triggered,max_rate,peak_profit_pct,exit_time,exit_price,exit_reason,profit_pct,net_profit_usd,hold_hours,version
TAIKO_USDT,2026-06-02 16:10:00+00:00,0.101,1.0,9.881188118811881,65.0,4,demon_buy,"A2,B1,B2,C2,D1,D2,",0.1015,0.4950495049504955,2026-06-03 16:10:00+00:00,0.09909,time_stale,-1.8910891089108997,-0.02087306930693078,24.0,v1_base
NFP_USDT,2026-06-03 05:45:00+00:00,0.009924,1.0,100.56428859330914,67.0,4,demon_buy,"A1,A3,B1,B2,D2,",0.010278,3.5671100362756967,2026-06-03 18:00:00+00:00,0.00961,time_dud,-3.164046755340589,-0.033577186618299115,12.25,v1_base
NFP_USDT,2026-06-04 02:25:00+00:00,0.008716,1.0,114.50206516750804,65.0,4,demon_buy,"A2,B1,B2,C2,D1,D2,",0.008993,3.178063331803574,2026-06-04 14:25:00+00:00,0.008345,time_dud,-4.256539697108764,-0.04448026617714551,12.0,v1_base
NFP_USDT,2026-06-05 11:25:00+00:00,0.008735,1.0,114.25300515168861,72.0,4,demon_buy,"A1,A2,B2,D2,",0.01094,25.243274184315972,2026-06-05 16:40:00+00:00,0.009865,pullback,12.936462507155133,0.1271058958214082,5.25,v1_base
NFP_USDT,2026-06-05 16:40:00+00:00,0.009865,1.0,101.16573745565128,65.0,4,demon_buy,"A1,A3,B2,D1,D2,",0.009865,0.0,2026-06-05 23:30:00+00:00,0.008946,time_sharp_drop,-9.31576279776989,-0.09497131272174353,6.833333333333333,v1_base
NFP_USDT,2026-06-06 16:00:00+00:00,0.00844,1.0,118.24644549763033,65.0,4,demon_buy,"A1,A3,B1,C2,D1,D2,",0.008583,1.69431279620854,2026-06-07 12:10:00+00:00,0.008132,time_dud,-3.6492890995260576,-0.03841990521326999,20.166666666666668,v1_base
TAIKO_USDT,2026-06-06 06:00:00+00:00,0.08541,1.0,11.684814424540452,65.0,4,demon_buy,"A2,B1,B2,C2,D1,D2,",0.08831,3.395386957030792,2026-06-07 19:15:00+00:00,0.08622,time_stale,0.9483667017913654,0.007464699683877862,37.25,v1_base
SLX_USDT,2026-06-24 07:15:00+00:00,0.29265,1.0,3.4102169827438917,84.0,4,demon_strong,"A1,A2,A3,B2,C2,D1,D2,",0.31143,6.417221937467953,2026-06-24 14:00:00+00:00,0.26655,time_sharp_drop,-8.91850333162481,-0.0910066632496156,6.75,v1_base
MITO_USDT,2026-06-24 14:00:00+00:00,0.02793,1.0,35.73218761188686,84.0,4,demon_strong,"A1,A2,A3,B2,C2,D1,D2,",0.02926,4.761904761904766,2026-06-24 19:25:00+00:00,0.02372,hard_stoploss,-15.07339778016469,-0.15243250984604362,5.416666666666667,v1_base
BAS_USDT,2026-06-24 09:15:00+00:00,0.036287,1.0,27.502962493454955,75.0,4,demon_buy,"A1,A3,B1,B2,C2,D1,D2,",0.044853,23.60625017223798,2026-06-24 21:10:00+00:00,0.03997,pullback,10.149640367073605,0.0992934108633945,11.916666666666666,v1_base
VSN_USDT,2026-06-24 05:15:00+00:00,0.03231,1.0,30.888269885484373,67.0,4,demon_buy,"A2,B1,B2,C1,D2,",0.03247,0.4952027236149812,2026-06-25 05:15:00+00:00,0.03198,time_stale,-1.0213556174558867,-0.012193129062209707,24.0,v1_base
EPIC_USDT,2026-06-24 19:25:00+00:00,0.4468,1.0,2.2336615935541633,74.0,4,demon_buy,"A1,A3,B2,C2,D2,",0.4479,0.24619516562221247,2026-06-25 07:25:00+00:00,0.4248,time_dud,-4.923903312444039,-0.051140555058191484,12.0,v1_base
AERO_USDT,2026-06-24 21:35:00+00:00,0.5195,1.0,1.921077959576516,70.0,4,demon_buy,"A1,B1,B2,C2,D2,",0.5345,2.8873917228103974,2026-06-25 12:20:00+00:00,0.5038,time_dud,-3.0221366698748677,-0.032160923965351196,14.75,v1_base
ESPORTS_USDT,2026-06-25 07:25:00+00:00,0.0407,1.0,24.520884520884522,84.0,4,demon_strong,"A1,A2,A3,B2,C2,D1,D2,",0.04099,0.7125307125307091,2026-06-25 13:00:00+00:00,0.03434,hard_stoploss,-15.62653562653562,-0.15795282555282553,5.583333333333333,v1_base
DASH_USDT,2026-06-25 05:15:00+00:00,34.45,1.0,0.02896952104499274,76.0,4,demon_buy,"A2,B1,B2,C2,D2,",35.44,2.8737300435413493,2026-06-25 18:30:00+00:00,33.4,time_dud,-3.047895500725702,-0.03241799709724258,13.25,v1_base
PRO_USDT,2026-06-25 12:20:00+00:00,0.3684,1.0,2.7090119435396307,76.0,4,demon_buy,"A2,B1,B2,D1,D2,",0.3829,3.935939196525519,2026-06-26 00:20:00+00:00,0.348,time_dud,-5.53745928338763,-0.05726384364820847,12.0,v1_base
TA_USDT,2026-06-25 14:20:00+00:00,0.08248,1.0,12.099903006789525,90.0,4,demon_strong,"A1,A2,A3,B1,B2,C2,D1,D2,",0.08443,2.3642095053346353,2026-06-26 06:30:00+00:00,0.07946,time_dud,-3.661493695441313,-0.038541707080504306,16.166666666666668,v1_base
IP_USDT,2026-06-25 19:20:00+00:00,0.3541,1.0,2.8184128777181585,67.0,4,demon_buy,"A1,A3,B1,C2,D2,",0.4193,18.412877718158704,2026-06-26 07:45:00+00:00,0.3419,time_dud,-3.4453544196554766,-0.036384637108161644,12.416666666666666,v1_base
ZORA_USDT,2026-06-26 00:20:00+00:00,0.007484,1.0,133.35114911811866,86.0,4,demon_strong,"A1,A2,B1,B2,C2,D1,D2,",0.007506,0.29396044895776924,2026-06-26 12:35:00+00:00,0.007245,time_dud,-3.1934794227685797,-0.03387092463923036,12.25,v1_base
HFT_USDT,2026-06-26 06:30:00+00:00,0.009671,1.0,103.19511942922138,84.0,4,demon_strong,"A1,A3,B1,B2,C2,D1,D2,",0.010403,7.569020783786579,2026-06-26 18:30:00+00:00,0.009048,time_dud,-6.4419398200806555,-0.06629055940440498,12.0,v1_base
VELVET_USDT,2026-06-26 12:35:00+00:00,0.57273,1.0,1.7425313847711836,86.0,4,demon_strong,"A1,A2,A3,B1,B2,D1,D2,",0.95841,67.34063171127758,2026-06-27 07:15:00+00:00,0.8678,pullback,51.5199133972378,0.5121687357044333,18.666666666666668,v1_base
TROLL_USDT,2026-06-26 08:30:00+00:00,0.05484,1.0,18.198395331874544,80.0,4,demon_strong,"A1,A3,B1,B2,D1,D2,",0.05839,6.473377097009478,2026-06-27 09:15:00+00:00,0.05504,time_stale,0.36469730123996863,0.001639679066374855,24.75,v1_base
AAVE_USDT,2026-06-24 11:15:00+00:00,73.87,1.0,0.013510220657912549,76.0,4,demon_buy,"A2,A3,B1,B2,D2,",97.85,32.46243400568565,2026-06-27 11:15:00+00:00,95.31,time_max,29.023961012589677,0.2876591309056451,72.0,v1_base
VELVET_USDT,2026-06-27 09:15:00+00:00,1.01879,1.0,0.9795934392760038,80.0,4,demon_strong,"A1,A3,B1,C2,D1,D2,",1.47039,44.32709390551536,2026-06-27 14:10:00+00:00,1.34548,pullback,32.066471009727216,0.3180233806770776,4.916666666666667,v1_base
BAN_USDT,2026-06-26 18:30:00+00:00,0.074,1.0,13.486486486486488,72.0,4,demon_buy,"A2,A3,B1,D2,",0.07577,2.3918918918919023,2026-06-27 18:30:00+00:00,0.07297,time_stale,-1.3918918918918963,-0.01589108108108106,24.0,v1_base
BSV_USDT,2026-06-27 07:15:00+00:00,13.33,1.0,0.07486871717929482,86.0,4,demon_strong,"A1,A2,A3,B1,B2,D1,D2,",13.33,0.0,2026-06-27 19:15:00+00:00,12.62,time_dud,-5.3263315828957305,-0.05515678919729938,12.0,v1_base
BIO_USDT,2026-06-27 11:15:00+00:00,0.02956,1.0,33.76184032476319,74.0,4,demon_buy,"A2,A3,B2,C2,D2,",0.03006,1.691474966170502,2026-06-27 23:20:00+00:00,0.02864,time_dud,-3.1123139377537234,-0.03306089309878213,12.083333333333334,v1_base
SLX_USDT,2026-06-27 18:30:00+00:00,0.56697,1.0,1.7602342275605412,80.0,4,demon_strong,"A1,A2,A3,B2,C2,D2,",0.58909,3.9014409933506236,2026-06-28 01:25:00+00:00,0.5174,time_sharp_drop,-8.74296700001764,-0.08925481066017604,6.916666666666667,v1_base
HMSTR_USDT,2026-06-27 14:10:00+00:00,0.0001834,1.0,5441.657579062159,90.0,4,demon_strong,"A1,A2,A3,B1,B2,C2,D1,D2,",0.0001874,2.1810250817884342,2026-06-28 06:05:00+00:00,0.0001777,time_dud,-3.1079607415485295,-0.03301744820065433,15.916666666666666,v1_base
NAORIS_USDT,2026-06-27 21:10:00+00:00,0.04051,1.0,24.635892372253767,70.0,4,demon_buy,"A1,A3,B1,B2,D2,",0.04067,0.39496420636879886,2026-06-28 09:10:00+00:00,0.0389,time_dud,-3.9743273265860295,-0.04166378671932858,12.0,v1_base
EPIC_USDT,2026-06-27 23:20:00+00:00,0.4601,1.0,2.169093675287981,70.0,4,demon_buy,"A2,B1,B2,C2,D2,",0.4608,0.15214083894805008,2026-06-28 11:20:00+00:00,0.4434,time_dud,-3.629645729189305,-0.03822386437730918,12.0,v1_base
WAL_USDT,2026-06-28 06:05:00+00:00,0.03303,1.0,30.214956100514687,80.0,4,demon_strong,"A1,A3,B1,C2,D1,D2,",0.03399,2.9064486830154483,2026-06-28 20:50:00+00:00,0.03203,time_dud,-3.027550711474399,-0.0322149561005145,14.75,v1_base
PLUME_USDT,2026-06-28 09:10:00+00:00,0.010081,1.0,98.99811526634262,86.0,4,demon_strong,"A1,A2,A3,B1,B2,D1,D2,",0.010081,0.0,2026-06-28 21:45:00+00:00,0.009716,time_dud,-3.6206725523261483,-0.03813431207221496,12.583333333333334,v1_base
SENT_USDT,2026-06-28 11:20:00+00:00,0.01341,1.0,74.4220730797912,76.0,4,demon_buy,"A2,A3,B1,B2,D2,",0.01341,0.0,2026-06-28 23:20:00+00:00,0.01298,time_dud,-3.2065622669649505,-0.03400149142431019,12.0,v1_base
VELVET_USDT,2026-06-28 01:25:00+00:00,1.61004,1.0,0.6198603761397232,84.0,4,demon_strong,"A1,A3,B1,B2,C2,D1,D2,",2.07214,28.701150281980585,2026-06-29 03:40:00+00:00,1.86251,pullback,15.680976870139885,0.15449614916399623,26.25,v1_base
H_USDT,2026-06-28 20:50:00+00:00,0.06351,1.0,15.714060777830264,74.0,4,demon_buy,"A1,A3,B1,B2,C2,D2,",0.06351,0.0,2026-06-29 08:50:00+00:00,0.05956,time_dud,-6.219492993229406,-0.0640705400724294,12.0,v1_base
WARD_USDT,2026-06-29 08:50:00+00:00,0.007377,1.0,135.2853463467534,86.0,4,demon_strong,"A1,A2,A3,B1,B2,D1,D2,",0.009769,32.42510505625593,2026-06-29 17:10:00+00:00,0.0087,pullback,17.934119560797065,0.17698251321675484,8.333333333333334,v1_base
ORDI_USDT,2026-06-29 01:10:00+00:00,3.221,1.0,0.30984166407947844,74.0,4,demon_buy,"B1,B2,C2,D1,D2,",4.346,34.92704129152437,2026-06-29 20:00:00+00:00,3.869,pullback,20.11797578391804,0.19877739832350216,18.833333333333332,v1_base
PYTH_USDT,2026-06-29 03:40:00+00:00,0.03591,1.0,27.791701475912003,90.0,4,demon_strong,"A1,A2,A3,B1,B2,C2,D1,D2,",0.03771,5.012531328320811,2026-06-30 03:40:00+00:00,0.03625,time_stale,0.9468114731272628,0.007449178501810261,24.0,v1_base
TROLL_USDT,2026-06-29 17:10:00+00:00,0.053,1.0,18.830188679245282,82.0,4,demon_strong,"A1,A2,A3,B1,B2,D2,",0.05716,7.849056603773592,2026-06-30 05:10:00+00:00,0.05049,time_dud,-4.7358490566037705,-0.049263773584905635,12.0,v1_base
VELVET_USDT,2026-06-30 03:40:00+00:00,1.70694,1.0,0.5846719861272218,84.0,4,demon_strong,"A1,A3,B1,B2,C2,D1,D2,",1.756,2.8741490620642853,2026-06-30 09:40:00+00:00,1.54628,time_sharp_drop,-9.412164458036006,-0.09593340129119943,6.0,v1_base
BEAT_USDT,2026-06-28 23:10:00+00:00,2.6786,1.0,0.37258269245128056,65.0,4,demon_buy,"A1,A3,B1,B2,C2,D2,",2.8771,7.41058762039872,2026-06-30 15:05:00+00:00,2.6862,time_stale,0.28373030687672857,0.000831628462629963,39.916666666666664,v1_base
TRADOOR_USDT,2026-06-30 05:40:00+00:00,0.4323,1.0,2.3085820032384916,76.0,4,demon_buy,"A1,A2,A3,B2,D2,",0.4416,2.151283830673138,2026-06-30 17:40:00+00:00,0.4139,time_dud,-4.2563034929447205,-0.044477908859588355,12.0,v1_base
DEXE_USDT,2026-06-29 20:00:00+00:00,23.073,1.0,0.043254019850041174,74.0,4,demon_buy,"A1,A2,A3,B2,C2,D2,",23.385,1.3522298790794485,2026-06-30 20:00:00+00:00,22.916,time_stale,-0.6804490096649766,-0.008790881116456428,24.0,v1_base
USELESS_USDT,2026-06-30 15:05:00+00:00,0.08313,1.0,12.005292914711898,84.0,4,demon_strong,"A1,A2,A3,B2,C2,D1,D2,",0.08918,7.277757728858416,2026-07-01 00:15:00+00:00,0.07614,time_sharp_drop,-8.408516780945503,-0.08591699747383619,9.166666666666666,v1_base
BANANAS31_USDT,2026-07-01 00:15:00+00:00,0.008754,1.0,114.00502627370345,84.0,4,demon_strong,"A1,A3,B1,B2,C2,D1,D2,",0.008838,0.9595613433858893,2026-07-01 12:15:00+00:00,0.008271,time_dud,-5.517477724468804,-0.057064427690198594,12.0,v1_base
SKR_USDT,2026-06-30 09:40:00+00:00,0.00862,1.0,115.77726218097449,90.0,4,demon_strong,"A1,A2,A3,B1,B2,C2,D1,D2,",0.009471,9.872389791183307,2026-07-01 12:55:00+00:00,0.008679,time_stale,0.6844547563805108,0.004830858468677368,27.25,v1_base
BIO_USDT,2026-06-30 17:40:00+00:00,0.02981,1.0,33.47869842334787,82.0,4,demon_strong,"A1,A2,A3,B1,B2,D2,",0.03118,4.595773230459576,2026-07-01 17:40:00+00:00,0.02981,time_stale,0.0,-0.0020000000000000018,24.0,v1_base
EPIC_USDT,2026-07-01 12:15:00+00:00,0.5206,1.0,1.9170188244333464,84.0,4,demon_strong,"A1,A3,B1,B2,C2,D1,D2,",0.5267,1.17172493276988,2026-07-01 18:20:00+00:00,0.4732,time_sharp_drop,-9.104878985785621,-0.09286669227814048,6.083333333333333,v1_base
TAIKO_USDT,2026-06-02 03:00:00+00:00,0.1052,1.0,9.486692015209126,55.0,4,demon_watch,"A2,B1,C2,D1,D2,",0.1053,0.09505703422053505,2026-06-02 15:20:00+00:00,0.1017,time_dud,-3.3269961977186338,-0.035203422053232014,12.333333333333334,v2_loose
TAIKO_USDT,2026-06-02 16:05:00+00:00,0.1007,1.0,9.910625620655413,59.0,4,demon_watch,"A2,B2,C2,D1,D2,",0.1015,0.7944389275074568,2026-06-03 16:05:00+00:00,0.099,time_stale,-1.6881827209533198,-0.018848063555114147,24.0,v2_loose
NFP_USDT,2026-06-03 01:35:00+00:00,0.00945,1.0,105.60846560846561,55.0,4,demon_watch,"A2,B1,C2,D1,D2,",0.010278,8.761904761904768,2026-06-04 01:20:00+00:00,0.00912,time_dud,-3.4920634920634965,-0.0368507936507938,23.75,v2_loose
TAIKO_USDT,2026-06-04 01:35:00+00:00,0.09659,1.0,10.332332539600372,55.0,4,demon_watch,"A2,B2,D1,D2,",0.09691,0.3312972357386902,2026-06-04 21:35:00+00:00,0.0933,time_dud,-3.4061497049384006,-0.03599337405528524,20.0,v2_loose
NFP_USDT,2026-06-04 13:25:00+00:00,0.008375,1.0,119.16417910447761,55.0,4,demon_watch,"A2,B1,C2,D1,D2,",0.00843,0.6567164179104417,2026-06-05 01:25:00+00:00,0.008058,time_dud,-3.785074626865687,-0.039775044776119595,12.0,v2_loose
NFP_USDT,2026-06-05 04:50:00+00:00,0.008123,1.0,122.86101194140096,57.0,4,demon_watch,"B1,C2,D2,",0.01094,34.679305675243135,2026-06-05 16:30:00+00:00,0.00993,pullback,22.24547580943001,0.22000984857811146,11.666666666666666,v2_loose
TAIKO_USDT,2026-06-05 07:25:00+00:00,0.08946,1.0,11.15582383188017,55.0,4,demon_watch,"A2,C2,D1,D2,",0.09021,0.8383635144198532,2026-06-05 19:25:00+00:00,0.08545,time_dud,-4.482450257098145,-0.04673485356583951,12.0,v2_loose
NFP_USDT,2026-06-05 16:30:00+00:00,0.00993,1.0,100.50352467270896,56.0,4,demon_watch,"A1,A3,B2,D1,D2,",0.010107,1.782477341389729,2026-06-05 22:30:00+00:00,0.009032,time_sharp_drop,-9.043303121852967,-0.09225216515609258,6.0,v2_loose
TAIKO_USDT,2026-06-05 19:40:00+00:00,0.08539,1.0,11.687551235507671,61.0,4,demon_watch,"A2,B1,B2,C2,D2,",0.08821,3.3024944372877423,2026-06-06 19:40:00+00:00,0.08561,time_stale,0.257641410001185,0.0005712612718116183,24.0,v2_loose
NFP_USDT,2026-06-06 15:10:00+00:00,0.008333,1.0,119.76479059162367,55.0,4,demon_watch,"B1,C2,D1,D2,",0.008583,3.0001200048001944,2026-06-07 12:20:00+00:00,0.008029,time_dud,-3.648145925837039,-0.03840849633985366,21.166666666666668,v2_loose
TAIKO_USDT,2026-06-07 01:35:00+00:00,0.0874,1.0,11.418764302059495,59.0,4,demon_watch,"B1,B2,C2,D1,D2,",0.08861,1.3844393592677218,2026-06-08 01:35:00+00:00,0.08791,time_stale,0.5835240274599504,0.0038235697940502966,24.0,v2_loose
XPIN_USDT,2026-06-24 02:55:00+00:00,0.0013714,1.0,727.7234942394633,55.0,4,demon_watch,"A2,B1,C2,D1,D2,",0.0014052,2.4646346798891527,2026-06-24 16:25:00+00:00,0.001329,time_dud,-3.091731077730782,-0.03285547615575324,13.5,v2_loose
LAB_USDT,2026-06-24 06:55:00+00:00,17.287,1.0,0.057731243130676235,86.0,4,demon_strong,"A1,A2,A3,B1,B2,D1,D2,",20.647,19.43657083357436,2026-06-24 18:20:00+00:00,15.884,time_sharp_drop,-8.115925261757383,-0.08299693411233866,11.416666666666666,v2_loose
MITO_USDT,2026-06-24 16:25:00+00:00,0.02758,1.0,36.18564176939812,69.0,4,demon_buy,"A1,A3,B2,C2,D1,D2,",0.02762,0.1450326323422711,2026-06-24 19:45:00+00:00,0.02342,hard_stoploss,-15.083393763596812,-0.15253226976069612,3.3333333333333335,v2_loose
BAS_USDT,2026-06-24 08:55:00+00:00,0.035563,1.0,28.06287433568597,90.0,4,demon_strong,"A1,A2,A3,B1,B2,C2,D1,D2,",0.044853,26.122655568990243,2026-06-24 20:30:00+00:00,0.038583,pullback,8.491971993363896,0.08274988049377163,11.583333333333334,v2_loose
VSN_USDT,2026-06-24 04:55:00+00:00,0.03238,1.0,30.821494749845584,63.0,4,demon_watch,"A2,B1,B2,D2,",0.03247,0.27794935145151267,2026-06-25 04:55:00+00:00,0.03186,time_stale,-1.6059295861642977,-0.01802717726991976,24.0,v2_loose
ALLO_USDT,2026-06-24 18:25:00+00:00,0.41441,1.0,2.408243044328081,61.0,4,demon_watch,"A1,A3,B1,C2,D2,",0.41695,0.6129195724041376,2026-06-25 06:25:00+00:00,0.38852,time_dud,-6.247436113993394,-0.06434941241765413,12.0,v2_loose
BAS_USDT,2026-06-25 04:55:00+00:00,0.042999,1.0,23.209842089350914,76.0,4,demon_buy,"A1,A3,B1,C2,D2,",0.055023,27.96344101025605,2026-06-25 11:00:00+00:00,0.048698,pullback,13.253796599920916,0.13027289006721077,6.083333333333333,v2_loose
GWEI_USDT,2026-06-24 20:25:00+00:00,0.1239,1.0,8.054882970137207,65.0,4,demon_buy,"A1,A3,B1,B2,C2,D2,",0.137,10.573042776432619,2026-06-25 13:50:00+00:00,0.11802,time_dud,-4.745762711864404,-0.04936271186440666,17.416666666666668,v2_loose
IP_USDT,2026-06-24 22:25:00+00:00,0.3193,1.0,3.125587222048231,55.0,4,demon_watch,"A3,B1,C2,D2,",0.3325,4.1340432195427645,2026-06-25 13:55:00+00:00,0.307,time_dud,-3.852176636392101,-0.04044472283119316,15.5,v2_loose
WARD_USDT,2026-06-25 06:55:00+00:00,0.008403,1.0,118.76710698560036,78.0,4,demon_buy,"A1,A3,B2,C2,D1,D2,",0.008631,2.713316672616911,2026-06-25 18:55:00+00:00,0.007985,time_dud,-4.97441389979769,-0.05164465071998092,12.0,v2_loose
MIRA_USDT,2026-06-25 11:00:00+00:00,0.0456,1.0,21.885964912280702,80.0,4,demon_strong,"A1,A2,A3,B2,C2,D2,",0.04562,0.04385964912280523,2026-06-25 19:20:00+00:00,0.04189,time_sharp_drop,-8.135964912280711,-0.0831969298245615,8.333333333333334,v2_loose
SLX_USDT,2026-06-25 13:50:00+00:00,0.37989,1.0,2.627076258917055,69.0,4,demon_buy,"A1,A3,B2,C2,D1,D2,",0.42326,11.41646266024376,2026-06-26 07:50:00+00:00,0.36552,time_dud,-3.7826739319276617,-0.03975108584063802,18.0,v2_loose
IP_USDT,2026-06-25 18:55:00+00:00,0.3478,1.0,2.8694652098907416,63.0,4,demon_watch,"A1,A3,B1,D2,",0.4193,20.557791834387583,2026-06-26 09:30:00+00:00,0.3368,time_dud,-3.1627372052903993,-0.03356411730879816,14.583333333333334,v2_loose
UB_USDT,2026-06-26 09:50:00+00:00,0.08785,1.0,11.360273192942516,90.0,4,demon_strong,"A1,A2,A3,B1,B2,C2,D1,D2,",0.08818,0.3756402959590176,2026-06-26 12:20:00+00:00,0.07435,hard_stoploss,-15.367103016505403,-0.1553636881047239,2.5,v2_loose
HFT_USDT,2026-06-26 07:50:00+00:00,0.010369,1.0,96.24843282862379,84.0,4,demon_strong,"A1,A2,A3,B2,C2,D1,D2,",0.010369,0.0,2026-06-26 13:50:00+00:00,0.009521,time_sharp_drop,-8.178223550969234,-0.08361867103867293,6.0,v2_loose
BEAT_USDT,2026-06-25 15:50:00+00:00,2.0258,1.0,0.49264488103465304,71.0,4,demon_buy,"A1,A3,B1,C2,D1,D2,",2.5354,25.155494125777487,2026-06-26 17:50:00+00:00,2.2906,pullback,13.071379208214049,0.12845236449797603,26.0,v2_loose
ALLO_USDT,2026-06-26 12:20:00+00:00,0.39946,1.0,2.498372803284434,78.0,4,demon_buy,"A3,B1,B2,C2,D1,D2,",0.4193,4.966705051819964,2026-06-26 19:15:00+00:00,0.36634,time_sharp_drop,-8.29119311069944,-0.08474610724478038,6.916666666666667,v2_loose
EPIC_USDT,2026-06-26 14:20:00+00:00,0.4546,1.0,2.1953365596128465,84.0,4,demon_strong,"A1,A2,A3,B2,C2,D1,D2,",0.4597,1.1218653761548598,2026-06-27 04:30:00+00:00,0.4353,time_dud,-4.24549054113506,-0.0443699956005279,14.166666666666666,v2_loose
TIA_USDT,2026-06-26 17:50:00+00:00,0.3888,1.0,2.5668724279835393,86.0,4,demon_strong,"A1,A2,A3,B1,B2,C2,D2,",0.3908,0.5144032921810705,2026-06-27 05:50:00+00:00,0.3746,time_dud,-3.6522633744855946,-0.03844958847736624,12.0,v2_loose
STG_USDT,2026-06-26 19:50:00+00:00,0.166,1.0,6.012048192771084,65.0,4,demon_buy,"A1,A3,B2,C2,D2,",0.1787,7.650602409638547,2026-06-27 08:10:00+00:00,0.1604,time_dud,-3.373493975903627,-0.03566746987951819,12.333333333333334,v2_loose
MYX_USDT,2026-06-27 04:30:00+00:00,0.1009,1.0,9.890981169474728,71.0,4,demon_buy,"A1,A3,B1,B2,C2,D2,",0.1136,12.58671952428147,2026-06-27 13:20:00+00:00,0.09279,time_sharp_drop,-8.0376610505451,-0.08221585728444003,8.833333333333334,v2_loose
B_USDT,2026-06-27 08:30:00+00:00,0.2435,1.0,4.098562628336755,80.0,4,demon_strong,"A2,B1,B2,C2,D1,D2,",0.2468,1.3552361396303891,2026-06-27 20:30:00+00:00,0.23353,time_dud,-4.09445585215606,-0.04286266940451755,12.0,v2_loose
ATH_USDT,2026-06-25 20:55:00+00:00,0.004131,1.0,241.58799322198016,70.0,4,demon_buy,"A1,A2,A3,B2,D2,",0.00437,5.785524086177672,2026-06-27 20:55:00+00:00,0.004227,time_weak,2.323892519970945,0.021192447349309917,48.0,v2_loose
HMSTR_USDT,2026-06-27 13:20:00+00:00,0.000187,1.0,5336.898395721925,86.0,4,demon_strong,"A1,A2,A3,B1,B2,D1,D2,",0.0001882,0.6417112299465252,2026-06-28 04:55:00+00:00,0.0001804,time_dud,-3.529411764705882,-0.037223529411764655,15.583333333333334,v2_loose
TRADOOR_USDT,2026-06-27 06:30:00+00:00,0.4255,1.0,2.345475910693302,80.0,4,demon_strong,"A1,A2,A3,B2,D1,D2,",0.4704,10.552291421856639,2026-06-28 06:30:00+00:00,0.4215,time_stale,-0.9400705052878975,-0.011381903642773139,24.0,v2_loose
BAS_USDT,2026-06-27 22:30:00+00:00,0.046285,1.0,21.56206114291887,55.0,4,demon_watch,"A1,A3,B1,C2,D2,",0.055021,18.874365345144216,2026-06-28 08:05:00+00:00,0.041564,time_sharp_drop,-10.199848763098203,-0.1037944906557201,9.583333333333334,v2_loose
SLX_USDT,2026-06-27 20:30:00+00:00,0.55495,1.0,1.7983602126317684,65.0,4,demon_buy,"A1,A3,B1,B2,C2,D2,",0.57999,4.512118208847634,2026-06-28 09:40:00+00:00,0.53141,time_dud,-4.241823587710606,-0.04433339940535186,13.166666666666666,v2_loose
ESPORTS_USDT,2026-06-28 10:55:00+00:00,0.05843,1.0,17.080266986137257,86.0,4,demon_strong,"A1,A2,A3,B1,B2,D1,D2,",0.05857,0.23960294369329846,2026-06-28 16:55:00+00:00,0.05142,time_sharp_drop,-11.99726168064351,-0.1217326715728222,6.0,v2_loose
ZORA_USDT,2026-06-28 04:55:00+00:00,0.0075,1.0,133.06666666666666,80.0,4,demon_strong,"A1,A3,B1,B2,C2,D2,",0.007817,4.226666666666661,2026-06-28 19:45:00+00:00,0.007244,time_dud,-3.4133333333333358,-0.036065066666666645,14.833333333333334,v2_loose
OPN_USDT,2026-06-28 08:55:00+00:00,0.06837,1.0,14.59704548778704,86.0,4,demon_strong,"A1,A2,A3,B1,B2,D1,D2,",0.06921,1.2286090390522064,2026-06-28 20:55:00+00:00,0.06629,time_dud,-3.0422700014626276,-0.03236185461459706,12.0,v2_loose
H_USDT,2026-06-28 16:55:00+00:00,0.05965,1.0,16.730930427493714,80.0,4,demon_strong,"A1,A3,B1,C2,D1,D2,",0.07633,27.96311818943838,2026-06-29 20:00:00+00:00,0.06847,pullback,14.786253143336129,0.14556680637049446,27.083333333333332,v2_loose
ALGO_USDT,2026-06-28 21:45:00+00:00,0.08727,1.0,11.435774034605249,61.0,4,demon_watch,"A2,B1,B2,C2,D2,",0.09007,3.2084335968832325,2026-06-29 21:45:00+00:00,0.08626,time_stale,-1.1573278331614496,-0.013550131774951235,24.0,v2_loose
HMSTR_USDT,2026-06-29 22:00:00+00:00,0.0001915,1.0,5211.488250652742,65.0,4,demon_buy,"A1,A2,A3,B2,C2,D2,",0.000195,1.8276762402088795,2026-06-30 10:00:00+00:00,0.0001841,time_dud,-3.8642297650130497,-0.04056501305483029,12.0,v2_loose
BCCOIN_USDT,2026-06-28 06:55:00+00:00,0.03683,1.0,27.09747488460494,75.0,4,demon_buy,"A1,A3,B1,B2,C2,D1,D2,",0.0407,10.50773825685582,2026-06-30 12:50:00+00:00,0.03858,time_weak,4.75156122726039,0.045420581048058795,53.916666666666664,v2_loose
RIF_USDT,2026-06-28 19:45:00+00:00,0.06806,1.0,14.66353217749045,57.0,4,demon_watch,"A1,A3,B1,D2,",0.0948,39.288862768145755,2026-06-30 19:15:00+00:00,0.08419,pullback,23.69967675580371,0.234522774022921,47.5,v2_loose
DEXE_USDT,2026-06-29 20:00:00+00:00,23.073,1.0,0.043254019850041174,74.0,4,demon_buy,"A1,A2,A3,B2,C2,D2,",23.385,1.3522298790794485,2026-06-30 20:00:00+00:00,22.916,time_stale,-0.6804490096649766,-0.008790881116456428,24.0,v2_loose
ARIA_USDT,2026-06-30 10:00:00+00:00,0.02812,1.0,35.49075391180654,90.0,4,demon_strong,"A1,A2,A3,B1,B2,C2,D1,D2,",0.0283,0.6401137980085334,2026-06-30 22:00:00+00:00,0.02625,time_dud,-6.650071123755335,-0.06836770981507823,12.0,v2_loose
AIOT_USDT,2026-06-30 12:50:00+00:00,0.05573,1.0,17.907769603445182,71.0,4,demon_buy,"A1,A2,A3,B2,D1,D2,",0.0612,9.81518033375201,2026-07-01 01:00:00+00:00,0.05328,time_dud,-4.396195944733538,-0.045874035528440715,12.166666666666666,v2_loose
LAB_USDT,2026-06-30 21:15:00+00:00,13.874,1.0,0.07193311229638172,65.0,4,demon_buy,"A1,A3,B1,B2,C2,D2,",13.918,0.3171399740521746,2026-07-01 03:15:00+00:00,12.522,time_sharp_drop,-9.744846475421653,-0.09925356782470807,6.0,v2_loose
B2_USDT,2026-06-30 19:15:00+00:00,0.54,1.0,1.848148148148148,72.0,4,demon_buy,"A1,A2,B1,B2,D2,",0.5481,1.4999999999999993,2026-07-01 03:45:00+00:00,0.4946,time_sharp_drop,-8.407407407407415,-0.08590592592592605,8.5,v2_loose
DYDX_USDT,2026-07-01 03:15:00+00:00,0.18894,1.0,5.282100137609823,84.0,4,demon_strong,"A1,A3,B1,B2,C2,D1,D2,",0.24212,28.146501534878798,2026-07-01 06:45:00+00:00,0.2141,pullback,13.316396739705736,0.13089763946226318,3.5,v2_loose
HOME_USDT,2026-06-30 23:15:00+00:00,0.0177,1.0,56.38418079096045,68.0,4,demon_buy,"A2,A3,B2,C2,D2,",0.01784,0.790960451977408,2026-07-01 14:30:00+00:00,0.01713,time_dud,-3.2203389830508535,-0.034138983050847505,15.25,v2_loose
SKYAI_USDT,2026-07-01 05:15:00+00:00,0.115,1.0,8.678260869565216,82.0,4,demon_strong,"A1,A2,A3,B1,B2,D2,",0.1222,6.260869565217389,2026-07-01 14:45:00+00:00,0.1057,time_sharp_drop,-8.086956521739133,-0.08270782608695648,9.5,v2_loose
HMSTR_USDT,2026-07-01 01:15:00+00:00,0.0001901,1.0,5249.86849026828,70.0,4,demon_buy,"B1,C2,D1,D2,",0.0001941,2.1041557075223505,2026-07-01 18:55:00+00:00,0.0001843,time_dud,-3.0510257759074197,-0.032449237243556084,17.666666666666668,v2_loose
NFP_USDT,2026-06-03 09:25:00+00:00,0.01016,1.0,98.2283464566929,86.0,4,demon_strong,"A1,A2,A3,B1,B2,D1,D2,",0.010278,1.161417322834646,2026-06-03 21:25:00+00:00,0.00951,time_dud,-6.397637795275603,-0.06584842519685052,12.0,v3_tight
NFP_USDT,2026-06-05 11:55:00+00:00,0.008841,1.0,112.88315801379935,80.0,4,demon_strong,"A1,A2,A3,B2,C2,D2,",0.01094,23.74165818346341,2026-06-05 16:40:00+00:00,0.009865,pullback,11.582400180975009,0.11359235380613053,4.75,v3_tight
LAB_USDT,2026-06-24 06:00:00+00:00,16.096,1.0,0.062002982107355865,76.0,4,demon_buy,"A1,A2,B1,C2,D1,D2,",20.647,28.27410536779323,2026-06-24 16:10:00+00:00,18.495,pullback,14.90432405566601,0.1467451540755469,10.166666666666666,v3_tight
SAHARA_USDT,2026-06-24 08:00:00+00:00,0.01381,1.0,72.26647356987691,90.0,4,demon_strong,"A1,A2,A3,B1,B2,C2,D1,D2,",0.01448,4.851556842867491,2026-06-24 16:50:00+00:00,0.01255,time_sharp_drop,-9.123823316437358,-0.09305575669804478,8.833333333333334,v3_tight
ZAMA_USDT,2026-06-24 10:00:00+00:00,0.03368,1.0,29.631828978622327,76.0,4,demon_buy,"A2,B1,B2,D1,D2,",0.03389,0.6235154394299341,2026-06-24 17:55:00+00:00,0.03091,time_sharp_drop,-8.224465558194778,-0.08408016627078396,7.916666666666667,v3_tight
MITO_USDT,2026-06-24 14:00:00+00:00,0.02793,1.0,35.73218761188686,84.0,4,demon_strong,"A1,A2,A3,B2,C2,D1,D2,",0.02926,4.761904761904766,2026-06-24 19:25:00+00:00,0.02372,hard_stoploss,-15.07339778016469,-0.15243250984604362,5.416666666666667,v3_tight
EPIC_USDT,2026-06-24 19:05:00+00:00,0.4519,1.0,2.2084531976100905,80.0,4,demon_strong,"A1,A3,B1,B2,C2,D2,",0.4571,1.1506970568709851,2026-06-25 07:05:00+00:00,0.4254,time_dud,-5.864129232131007,-0.060524009736667495,12.0,v3_tight
GWEI_USDT,2026-06-25 00:00:00+00:00,0.134,1.0,7.447761194029851,80.0,4,demon_strong,"A1,A2,A3,B2,D1,D2,",0.137,2.2388059701492558,2026-06-25 12:00:00+00:00,0.12674,time_dud,-5.417910447761206,-0.056070746268656824,12.0,v3_tight
HIGH_USDT,2026-06-25 02:00:00+00:00,0.0373,1.0,26.75603217158177,82.0,4,demon_strong,"A1,A2,B1,B2,D1,D2,",0.0373,0.0,2026-06-25 14:00:00+00:00,0.03279,time_sharp_drop,-12.091152815013405,-0.12266970509383379,12.0,v3_tight
PRO_USDT,2026-06-25 12:00:00+00:00,0.3678,1.0,2.7134312126155518,76.0,4,demon_buy,"A2,B1,B2,D1,D2,",0.3829,4.105492115280044,2026-06-26 00:00:00+00:00,0.3491,time_dud,-5.084284937466013,-0.05274116367591075,12.0,v3_tight
SLX_USDT,2026-06-25 14:10:00+00:00,0.38785,1.0,2.5731597266984663,80.0,4,demon_strong,"A1,A3,B1,C2,D1,D2,",0.42326,9.129818228696674,2026-06-26 06:10:00+00:00,0.37621,time_dud,-3.001160242361734,-0.03195157921877012,16.0,v3_tight
TA_USDT,2026-06-25 07:05:00+00:00,0.07737,1.0,12.899056481840507,84.0,4,demon_strong,"A1,A3,B1,B2,C2,D1,D2,",0.08443,9.124983843867145,2026-06-26 09:35:00+00:00,0.07782,time_stale,0.5816207832493292,0.0038045754168283263,26.5,v3_tight
2Z_USDT,2026-06-26 00:00:00+00:00,0.06675,1.0,14.95131086142322,90.0,4,demon_strong,"A1,A2,A3,B1,B2,C2,D1,D2,",0.06796,1.8127340823970077,2026-06-26 13:15:00+00:00,0.06467,time_dud,-3.116104868913855,-0.033098726591760275,13.25,v3_tight
UB_USDT,2026-06-26 09:35:00+00:00,0.07975,1.0,12.5141065830721,90.0,4,demon_strong,"A1,A2,A3,B1,B2,C2,D1,D2,",0.08818,10.570532915360491,2026-06-26 16:05:00+00:00,0.07212,time_sharp_drop,-9.567398119122254,-0.0974826332288401,6.5,v3_tight
MAGMA_USDT,2026-06-26 06:15:00+00:00,0.52049,1.0,1.917423965878307,75.0,4,demon_buy,"A1,A3,B1,B2,C2,D1,D2,",0.72868,39.99884724010067,2026-06-26 16:40:00+00:00,0.66246,pullback,27.27622048454342,0.2702166804357433,10.416666666666666,v3_tight
KGEN_USDT,2026-06-25 04:00:00+00:00,0.17662,1.0,5.650549201675914,76.0,4,demon_buy,"A1,A3,B1,B2,D2,",0.19081,8.034197712603333,2026-06-26 20:35:00+00:00,0.17794,time_stale,0.7473672290793726,0.0054587249462121346,40.583333333333336,v3_tight
TROLL_USDT,2026-06-26 16:05:00+00:00,0.05839,1.0,17.091967802705945,86.0,4,demon_strong,"A1,A2,A3,B1,B2,D1,D2,",0.05839,0.0,2026-06-27 04:05:00+00:00,0.05546,time_dud,-5.017982531255344,-0.052079465661928226,12.0,v3_tight
TIA_USDT,2026-06-26 18:05:00+00:00,0.3878,1.0,2.573491490459,76.0,4,demon_buy,"A1,A2,A3,B2,D2,",0.39,0.5673027333677244,2026-06-27 06:05:00+00:00,0.3744,time_dud,-3.455389375966985,-0.036484785972150546,12.0,v3_tight
VELVET_USDT,2026-06-26 13:15:00+00:00,0.61378,1.0,1.6259897683208968,84.0,4,demon_strong,"A1,A2,A3,B2,C2,D1,D2,",0.95841,56.14878295154616,2026-06-27 07:15:00+00:00,0.8678,pullback,41.3861644237349,0.41103392094887425,18.0,v3_tight
STG_USDT,2026-06-26 20:35:00+00:00,0.1752,1.0,5.69634703196347,80.0,4,demon_strong,"A1,A2,A3,B1,B2,C2,D2,",0.1787,1.9977168949771709,2026-06-27 08:10:00+00:00,0.1604,time_sharp_drop,-8.447488584474891,-0.08630593607305947,11.583333333333334,v3_tight
AAVE_USDT,2026-06-24 12:00:00+00:00,76.23,1.0,0.013091958546504,80.0,4,demon_strong,"A1,A2,A3,B2,D1,D2,",97.85,28.361537452446527,2026-06-27 12:00:00+00:00,96.93,time_max,27.15466351829988,0.26900354191263287,72.0,v3_tight
TRUMP_USDT,2026-06-27 04:15:00+00:00,1.735,1.0,0.5752161383285302,76.0,4,demon_buy,"A2,B1,B2,C2,D2,",1.737,0.11527377521613842,2026-06-27 17:55:00+00:00,1.68,time_dud,-3.170028818443813,-0.033636887608069266,13.666666666666666,v3_tight
BIO_USDT,2026-06-27 12:15:00+00:00,0.02984,1.0,33.44504021447722,75.0,4,demon_buy,"A1,A3,B1,B2,C2,D1,D2,",0.03006,0.7372654155496028,2026-06-28 00:15:00+00:00,0.02884,time_dud,-3.351206434316346,-0.03544504021447714,12.0,v3_tight
BERA_USDT,2026-06-27 06:15:00+00:00,0.2153,1.0,4.63539247561542,80.0,4,demon_strong,"A1,A2,A3,B2,D1,D2,",0.2191,1.7649790989317224,2026-06-28 05:25:00+00:00,0.2086,time_dud,-3.111936832326978,-0.03305712958662321,23.166666666666668,v3_tight
HNT_USDT,2026-06-27 10:15:00+00:00,0.2687,1.0,3.7141793822106437,90.0,4,demon_strong,"A1,A2,A3,B1,B2,C2,D1,D2,",0.2932,9.117975437290667,2026-06-28 10:15:00+00:00,0.2657,time_stale,-1.1164867882396736,-0.013142538146632021,24.0,v3_tight
PARTI_USDT,2026-06-28 00:15:00+00:00,0.05017,1.0,19.89236595575045,84.0,4,demon_strong,"A1,A2,A3,B2,C2,D1,D2,",0.0502,0.05979669124975532,2026-06-28 12:45:00+00:00,0.0486,time_dud,-3.1293601754036318,-0.03323101455052824,12.5,v3_tight
KGEN_USDT,2026-06-27 08:15:00+00:00,0.1898,1.0,5.2581664910432035,80.0,4,demon_strong,"A1,A2,A3,B1,C2,D1,D2,",0.23094,21.675447839831406,2026-06-28 13:20:00+00:00,0.20733,pullback,9.236037934668067,0.09017565858798737,29.083333333333332,v3_tight
ESPORTS_USDT,2026-06-28 10:15:00+00:00,0.05753,1.0,17.34747088475578,86.0,4,demon_strong,"A1,A2,A3,B1,B2,D1,D2,",0.0598,3.9457674256909465,2026-06-28 16:35:00+00:00,0.0526,time_sharp_drop,-8.569442030245085,-0.08752303146184603,6.333333333333333,v3_tight
FUN_USDT,2026-06-27 17:55:00+00:00,0.02296,1.0,43.46689895470383,80.0,4,demon_strong,"A1,A2,A3,B2,C2,D2,",0.0262,14.111498257839719,2026-06-28 19:45:00+00:00,0.02301,time_stale,0.21777003484319668,0.00017334494773524334,25.833333333333332,v3_tight
ALT_USDT,2026-06-28 05:35:00+00:00,0.005764,1.0,173.14365024288688,76.0,4,demon_buy,"A2,B1,B2,C2,D2,",0.00594,3.0534351145038157,2026-06-28 21:45:00+00:00,0.005571,time_dud,-3.3483691880638378,-0.03541672449687705,16.166666666666668,v3_tight
VELVET_USDT,2026-06-29 00:10:00+00:00,1.86392,1.0,0.5354307051804799,75.0,4,demon_buy,"A1,A3,B1,B2,C2,D1,D2,",2.07214,11.171080303875707,2026-06-29 04:45:00+00:00,1.39556,hard_stoploss,-25.12768788360016,-0.25277432507832953,4.583333333333333,v3_tight
RIF_USDT,2026-06-28 14:45:00+00:00,0.07033,1.0,14.190245983221953,90.0,4,demon_strong,"A1,A2,A3,B1,B2,C2,D1,D2,",0.08061,14.616806483719602,2026-06-29 07:45:00+00:00,0.06809,time_dud,-3.1849850703824907,-0.03378615100241733,17.0,v3_tight
GWEI_USDT,2026-06-28 12:45:00+00:00,0.14496,1.0,6.884657836644592,80.0,4,demon_strong,"A1,A2,A3,B2,D1,D2,",0.22516,55.32560706401766,2026-06-29 10:15:00+00:00,0.20015,pullback,38.07257174392935,0.3779642660044149,21.5,v3_tight
ORDI_USDT,2026-06-29 07:45:00+00:00,3.39,1.0,0.2943952802359882,84.0,4,demon_strong,"A1,A3,B1,B2,C2,D1,D2,",4.346,28.200589970501472,2026-06-29 20:00:00+00:00,3.869,pullback,14.129793510324488,0.13901533923303844,12.25,v3_tight
ARIA_USDT,2026-06-28 16:45:00+00:00,0.02643,1.0,37.760121074536514,86.0,4,demon_strong,"A1,A2,A3,B1,C2,D1,D2,",0.02797,5.826712069617858,2026-06-29 21:20:00+00:00,0.0266,time_stale,0.6432084752175559,0.0044192205826711906,28.583333333333332,v3_tight
LIGHT_USDT,2026-06-29 10:15:00+00:00,0.12772,1.0,7.813968055120577,86.0,4,demon_strong,"A1,A2,A3,B1,B2,D1,D2,",0.12926,1.2057626056999793,2026-06-29 22:15:00+00:00,0.11904,time_dud,-6.796116504854363,-0.06982524271844659,12.0,v3_tight
HIGH_USDT,2026-06-29 04:45:00+00:00,0.03684,1.0,27.09011943539631,82.0,4,demon_strong,"A1,A2,A3,B1,B2,D2,",0.0456,23.778501628664507,2026-06-30 00:25:00+00:00,0.04115,pullback,11.69923995656895,0.11475841476655813,19.666666666666668,v3_tight
ACN1_USDT,2026-06-29 02:30:00+00:00,0.006363,1.0,156.84425585415684,80.0,4,demon_strong,"A1,A2,A3,B2,D1,D2,",0.006583,3.457488606003466,2026-06-30 02:30:00+00:00,0.006359,time_stale,-0.06286342920005758,-0.002627377023416533,24.0,v3_tight
GWEI_USDT,2026-06-29 23:30:00+00:00,0.16632,1.0,6.000481000481001,76.0,4,demon_buy,"A1,A2,B1,B2,C2,D2,",0.17672,6.253006253006249,2026-06-30 07:10:00+00:00,0.1523,time_sharp_drop,-8.429533429533432,-0.08612674362674366,7.666666666666667,v3_tight
TRADOOR_USDT,2026-06-30 05:30:00+00:00,0.4307,1.0,2.317158114697005,78.0,4,demon_buy,"A1,A2,B1,B2,D2,",0.4416,2.5307638727652577,2026-06-30 17:30:00+00:00,0.4148,time_dud,-3.691664731831907,-0.038842814023682504,12.0,v3_tight
ARIA_USDT,2026-06-30 07:30:00+00:00,0.02757,1.0,36.19876677548059,80.0,4,demon_strong,"A1,A3,B1,B2,D1,D2,",0.0283,2.6478055857816396,2026-06-30 19:35:00+00:00,0.02673,time_dud,-3.0467899891186088,-0.032406964091403645,12.083333333333334,v3_tight
DEXE_USDT,2026-06-29 20:05:00+00:00,23.141,1.0,0.04312691759215246,80.0,4,demon_strong,"A1,A2,A3,B1,B2,C2,D2,",23.385,1.054405600449433,2026-06-30 20:05:00+00:00,22.904,time_stale,-1.0241562594529119,-0.012221079469340035,24.0,v3_tight
TRX_USDT,2026-06-30 01:30:00+00:00,0.31972,1.0,3.1214812961341174,75.0,4,demon_buy,"A2,B1,B2,C1,C2,D1,D2,",0.3203,0.18140873264105137,2026-07-01 01:30:00+00:00,0.31457,time_stale,-1.6107844363818302,-0.018075628675090605,24.0,v3_tight
B2_USDT,2026-06-30 19:40:00+00:00,0.5467,1.0,1.825498445216755,82.0,4,demon_strong,"A1,A2,A3,B1,B2,D2,",0.5467,0.0,2026-07-01 03:45:00+00:00,0.4946,time_sharp_drop,-9.529906713005301,-0.09710846899579284,8.083333333333334,v3_tight
HOME_USDT,2026-06-30 23:00:00+00:00,0.01794,1.0,55.6298773690078,80.0,4,demon_strong,"A1,A2,A3,B1,B2,C2,D2,",0.01798,0.2229654403567356,2026-07-01 11:00:00+00:00,0.01736,time_dud,-3.232998885172802,-0.03426532887402456,12.0,v3_tight
BIO_USDT,2026-06-30 17:40:00+00:00,0.02981,1.0,33.47869842334787,82.0,4,demon_strong,"A1,A2,A3,B1,B2,D2,",0.03118,4.595773230459576,2026-07-01 17:40:00+00:00,0.02981,time_stale,0.0,-0.0020000000000000018,24.0,v3_tight
NFP_USDT,2026-06-03 09:25:00+00:00,0.01016,1.0,98.2283464566929,86.0,4,demon_strong,"A1,A2,A3,B1,B2,D1,D2,",0.010278,1.161417322834646,2026-06-03 21:25:00+00:00,0.00951,time_dud,-6.397637795275603,-0.06584842519685052,12.0,v4_strong
NFP_USDT,2026-06-05 11:55:00+00:00,0.008841,1.0,112.88315801379935,80.0,4,demon_strong,"A1,A2,A3,B2,C2,D2,",0.01094,23.74165818346341,2026-06-05 16:40:00+00:00,0.009865,pullback,11.582400180975009,0.11359235380613053,4.75,v4_strong
LAB_USDT,2026-06-24 06:25:00+00:00,16.97,1.0,0.05880966411314084,86.0,4,demon_strong,"A1,A2,A3,B1,B2,D1,D2,",20.647,21.667648791985854,2026-06-24 16:10:00+00:00,18.495,pullback,8.986446670595182,0.08768473777253982,9.75,v4_strong
LIGHT_USDT,2026-06-24 10:55:00+00:00,0.14264,1.0,6.996634885025239,80.0,4,demon_strong,"A1,A2,A3,C2,D1,D2,",0.14883,4.33959618620303,2026-06-24 16:55:00+00:00,0.12464,time_sharp_drop,-12.619181155356134,-0.12793942793045432,6.0,v4_strong
MITO_USDT,2026-06-24 14:55:00+00:00,0.02864,1.0,34.8463687150838,84.0,4,demon_strong,"A1,A2,A3,B2,C2,D1,D2,",0.02879,0.5237430167597794,2026-06-24 18:45:00+00:00,0.02379,hard_stoploss,-16.93435754189944,-0.17100488826815652,3.8333333333333335,v4_strong
SAHARA_USDT,2026-06-24 08:30:00+00:00,0.01351,1.0,73.87120651369356,84.0,4,demon_strong,"A1,A2,A3,B2,C2,D1,D2,",0.01448,7.179866765358997,2026-06-24 20:35:00+00:00,0.01307,time_dud,-3.256846780162838,-0.034503330866025084,12.083333333333334,v4_strong
SQD_USDT,2026-06-24 12:55:00+00:00,0.03826,1.0,26.084683742812334,80.0,4,demon_strong,"A1,A2,A3,B2,D1,D2,",0.03848,0.5750130684788237,2026-06-25 00:55:00+00:00,0.03675,time_dud,-3.9466806063774293,-0.04138787245164677,12.0,v4_strong
EPIC_USDT,2026-06-24 19:05:00+00:00,0.4519,1.0,2.2084531976100905,80.0,4,demon_strong,"A1,A3,B1,B2,C2,D2,",0.4571,1.1506970568709851,2026-06-25 07:05:00+00:00,0.4254,time_dud,-5.864129232131007,-0.060524009736667495,12.0,v4_strong
GWEI_USDT,2026-06-25 00:00:00+00:00,0.134,1.0,7.447761194029851,80.0,4,demon_strong,"A1,A2,A3,B2,D1,D2,",0.137,2.2388059701492558,2026-06-25 12:00:00+00:00,0.12674,time_dud,-5.417910447761206,-0.056070746268656824,12.0,v4_strong
HIGH_USDT,2026-06-25 02:00:00+00:00,0.0373,1.0,26.75603217158177,82.0,4,demon_strong,"A1,A2,B1,B2,D1,D2,",0.0373,0.0,2026-06-25 14:00:00+00:00,0.03279,time_sharp_drop,-12.091152815013405,-0.12266970509383379,12.0,v4_strong
WARD_USDT,2026-06-25 06:05:00+00:00,0.008404,1.0,118.75297477391719,90.0,4,demon_strong,"A1,A2,A3,B1,B2,C2,D1,D2,",0.008631,2.7010947168015202,2026-06-25 18:05:00+00:00,0.008026,time_dud,-4.497858162779627,-0.046888624464540674,12.0,v4_strong
KGEN_USDT,2026-06-25 04:05:00+00:00,0.17745,1.0,5.624119470273317,82.0,4,demon_strong,"A1,A2,A3,B1,B2,D2,",0.18097,1.9836573682727503,2026-06-25 22:45:00+00:00,0.17198,time_dud,-3.082558467173853,-0.03276393350239515,18.666666666666668,v4_strong
PRO_USDT,2026-06-25 12:25:00+00:00,0.3684,1.0,2.7090119435396307,80.0,4,demon_strong,"A2,A3,B1,B2,D1,D2,",0.3829,3.935939196525519,2026-06-26 00:25:00+00:00,0.348,time_dud,-5.53745928338763,-0.05726384364820847,12.0,v4_strong
MANTA_USDT,2026-06-25 14:50:00+00:00,0.08569,1.0,11.64663321274361,80.0,4,demon_strong,"A2,B1,B2,C2,D1,D2,",0.08844,3.2092426187419796,2026-06-26 06:25:00+00:00,0.08276,time_dud,-3.41930213560509,-0.03612463531333876,15.583333333333334,v4_strong
TA_USDT,2026-06-25 08:05:00+00:00,0.0787,1.0,12.681067344345616,84.0,4,demon_strong,"A1,A2,A3,B2,C2,D1,D2,",0.08443,7.280813214739515,2026-06-26 08:05:00+00:00,0.07904,time_stale,0.4320203303684791,0.002311562897077568,24.0,v4_strong
CHIP_USDT,2026-06-25 23:15:00+00:00,0.03005,1.0,33.21131447587354,80.0,4,demon_strong,"A1,A2,A3,B1,B2,C2,D2,",0.03022,0.5657237936772047,2026-06-26 11:15:00+00:00,0.02836,time_dud,-5.6239600665557425,-0.05812712146422638,12.0,v4_strong
HFT_USDT,2026-06-26 06:30:00+00:00,0.009671,1.0,103.19511942922138,84.0,4,demon_strong,"A1,A3,B1,B2,C2,D1,D2,",0.010403,7.569020783786579,2026-06-26 18:30:00+00:00,0.009048,time_dud,-6.4419398200806555,-0.06629055940440498,12.0,v4_strong
JTO_USDT,2026-06-25 21:10:00+00:00,0.6925,1.0,1.4411552346570398,80.0,4,demon_strong,"A1,A2,A3,B1,B2,C2,D2,",0.8825,27.436823104693133,2026-06-27 00:10:00+00:00,0.7967,pullback,15.046931407942232,0.14816837545126327,27.0,v4_strong
AIOT_USDT,2026-06-26 01:15:00+00:00,0.05121,1.0,19.488381175551652,90.0,4,demon_strong,"A1,A2,A3,B1,B2,C2,D1,D2,",0.0528,3.104862331575866,2026-06-27 01:15:00+00:00,0.05005,time_stale,-2.265182581527048,-0.0246065221636399,24.0,v4_strong
STG_USDT,2026-06-26 20:25:00+00:00,0.172,1.0,5.802325581395349,80.0,4,demon_strong,"A1,A2,A3,B1,B2,C2,D2,",0.1787,3.8953488372093092,2026-06-27 08:25:00+00:00,0.1607,time_dud,-6.569767441860453,-0.06756627906976731,12.0,v4_strong
TROLL_USDT,2026-06-26 08:30:00+00:00,0.05484,1.0,18.198395331874544,80.0,4,demon_strong,"A1,A3,B1,B2,D1,D2,",0.05839,6.473377097009478,2026-06-27 09:15:00+00:00,0.05504,time_stale,0.36469730123996863,0.001639679066374855,24.75,v4_strong
B_USDT,2026-06-26 11:15:00+00:00,0.23354,1.0,4.273357883017899,80.0,4,demon_strong,"A1,A2,A3,B2,C2,D2,",0.2468,5.677828209300332,2026-06-27 11:15:00+00:00,0.2356,time_stale,0.8820758756529958,0.0068031172390168315,24.0,v4_strong
LAB_USDT,2026-06-27 02:10:00+00:00,20.03,1.0,0.04982526210683974,86.0,4,demon_strong,"A1,A2,A3,B1,B2,D1,D2,",20.44,2.046929605591613,2026-06-27 11:35:00+00:00,18.266,time_sharp_drop,-8.806789815277098,-0.08989176235646534,9.416666666666666,v4_strong
PRO_USDT,2026-06-27 00:10:00+00:00,0.3787,1.0,2.635331396884077,86.0,4,demon_strong,"A1,A2,A3,B1,B2,D1,D2,",0.3822,0.9242144177449177,2026-06-28 00:10:00+00:00,0.3712,time_stale,-1.9804594665962523,-0.02176498547663064,24.0,v4_strong
PIEVERSE_USDT,2026-06-27 09:00:00+00:00,0.698,1.0,1.4297994269340975,80.0,4,demon_strong,"A1,A2,A3,B2,D1,D2,",0.8931,27.95128939828081,2026-06-28 04:30:00+00:00,0.7921,pullback,13.4813753581662,0.1325441260744986,19.5,v4_strong
IP_USDT,2026-06-28 00:10:00+00:00,0.324,1.0,3.080246913580247,84.0,4,demon_strong,"A1,A2,A3,B2,C2,D1,D2,",0.324,0.0,2026-06-28 12:10:00+00:00,0.3093,time_dud,-4.537037037037034,-0.047279629629629505,12.0,v4_strong
STBL_USDT,2026-06-27 11:00:00+00:00,0.02489,1.0,40.09642426677381,86.0,4,demon_strong,"A1,A2,A3,B1,B2,C2,D2,",0.0264,6.066693451185219,2026-06-28 13:15:00+00:00,0.02506,time_stale,0.683005222981117,0.004816392125351676,26.25,v4_strong
QAIT_USDT,2026-06-28 04:35:00+00:00,0.01155,1.0,86.40692640692642,80.0,4,demon_strong,"A1,A3,B1,B2,C2,D2,",0.011603,0.45887445887446726,2026-06-28 15:10:00+00:00,0.010619,time_sharp_drop,-8.060606060606057,-0.08244484848484845,10.583333333333334,v4_strong
SIREN_USDT,2026-06-27 13:00:00+00:00,0.0916,1.0,10.895196506550219,84.0,4,demon_strong,"A1,A3,B1,B2,C2,D1,D2,",0.10815,18.067685589519645,2026-06-28 15:25:00+00:00,0.09249,time_stale,0.9716157205240196,0.0076967248908297314,26.416666666666668,v4_strong
ARIA_USDT,2026-06-28 14:25:00+00:00,0.02662,1.0,37.490608564988726,80.0,4,demon_strong,"A1,A2,B2,C2,D1,D2,",0.02701,1.4650638617580691,2026-06-29 02:25:00+00:00,0.02577,time_dud,-3.1930879038317053,-0.03386701728024044,12.0,v4_strong
GWEI_USDT,2026-06-28 12:25:00+00:00,0.14568,1.0,6.85063152114223,84.0,4,demon_strong,"A1,A3,B1,B2,C2,D1,D2,",0.22516,54.55793520043931,2026-06-29 10:15:00+00:00,0.20015,pullback,37.39017023613398,0.3711538989566172,21.833333333333332,v4_strong
PUMP_USDT,2026-06-27 15:00:00+00:00,0.0013727,1.0,727.0343119399723,90.0,4,demon_strong,"A1,A2,A3,B1,B2,C2,D1,D2,",0.0015147,10.34457638231223,2026-06-29 15:00:00+00:00,0.0014051,time_weak,2.3603117942740686,0.021555911706855335,48.0,v4_strong
NAORIS_USDT,2026-06-29 03:10:00+00:00,0.04023,1.0,24.807357693263732,86.0,4,demon_strong,"A1,A2,A3,B1,B2,D1,D2,",0.04134,2.759134973900074,2026-06-29 16:25:00+00:00,0.03894,time_dud,-3.2065622669649496,-0.03400149142431019,13.25,v4_strong
H_USDT,2026-06-28 16:55:00+00:00,0.05965,1.0,16.730930427493714,80.0,4,demon_strong,"A1,A3,B1,C2,D1,D2,",0.07633,27.96311818943838,2026-06-29 20:00:00+00:00,0.06847,pullback,14.786253143336129,0.14556680637049446,27.083333333333332,v4_strong
ORDI_USDT,2026-06-29 01:05:00+00:00,3.226,1.0,0.30936143831370116,80.0,4,demon_strong,"A2,B1,B2,C2,D1,D2,",4.346,34.71791692498451,2026-06-29 20:00:00+00:00,3.869,pullback,19.9318040917545,0.1969194048357099,18.916666666666668,v4_strong
LIGHT_USDT,2026-06-29 10:15:00+00:00,0.12772,1.0,7.813968055120577,86.0,4,demon_strong,"A1,A2,A3,B1,B2,D1,D2,",0.12926,1.2057626056999793,2026-06-29 22:15:00+00:00,0.11904,time_dud,-6.796116504854363,-0.06982524271844659,12.0,v4_strong
TROLL_USDT,2026-06-29 17:40:00+00:00,0.05399,1.0,18.484904611965177,80.0,4,demon_strong,"A1,A2,A3,B2,C2,D2,",0.05716,5.871457677347655,2026-06-30 04:00:00+00:00,0.04967,time_sharp_drop,-8.001481755880727,-0.08185478792368961,10.333333333333334,v4_strong
HIGH_USDT,2026-06-29 22:25:00+00:00,0.04441,1.0,22.472416122494934,80.0,4,demon_strong,"A1,A2,A3,B1,B2,C2,D2,",0.0456,2.6795766719207466,2026-06-30 04:25:00+00:00,0.03788,time_sharp_drop,-14.703895519027249,-0.14874487727989194,6.0,v4_strong
ESPORTS_USDT,2026-06-30 01:00:00+00:00,0.04003,1.0,24.931301523857105,86.0,4,demon_strong,"A1,A2,B1,B2,C2,D1,D2,",0.04003,0.0,2026-06-30 07:00:00+00:00,0.035,time_sharp_drop,-12.565575818136395,-0.12740444666500128,6.0,v4_strong
ENSO_USDT,2026-06-29 15:40:00+00:00,0.6231,1.0,1.6016690739849142,82.0,4,demon_strong,"A1,A2,B1,B2,D1,D2,",0.6666,6.981222917669713,2026-06-30 12:10:00+00:00,0.6037,time_dud,-3.113464933397524,-0.033072380035307325,20.5,v4_strong
MEGA_USDT,2026-06-30 04:10:00+00:00,0.05002,1.0,19.95201919232307,82.0,4,demon_strong,"A1,A2,A3,B1,B2,D2,",0.05181,3.5785685725709713,2026-06-30 16:10:00+00:00,0.04728,time_dud,-5.477808876449418,-0.05666853258696525,12.0,v4_strong
TRADOOR_USDT,2026-06-30 06:10:00+00:00,0.43,1.0,2.3209302325581396,80.0,4,demon_strong,"A1,A2,A3,B2,D1,D2,",0.4416,2.6976744186046506,2026-06-30 18:10:00+00:00,0.4116,time_dud,-4.279069767441854,-0.0447051162790697,12.0,v4_strong
DEXE_USDT,2026-06-29 20:05:00+00:00,23.141,1.0,0.04312691759215246,80.0,4,demon_strong,"A1,A2,A3,B1,B2,C2,D2,",23.385,1.054405600449433,2026-06-30 20:05:00+00:00,22.904,time_stale,-1.0241562594529119,-0.012221079469340035,24.0,v4_strong
ARIA_USDT,2026-06-30 08:25:00+00:00,0.02701,1.0,36.949278045168455,80.0,4,demon_strong,"A1,A2,A3,B2,D1,D2,",0.0283,4.776008885597925,2026-06-30 21:40:00+00:00,0.02617,time_dud,-3.1099592743428377,-0.03303739355794144,13.25,v4_strong
AIOT_USDT,2026-06-30 12:10:00+00:00,0.05833,1.0,17.109549117092406,84.0,4,demon_strong,"A1,A2,A3,B2,C2,D1,D2,",0.0612,4.920281158923363,2026-07-01 00:10:00+00:00,0.05476,time_dud,-6.120349734270524,-0.06308109034801979,12.0,v4_strong
BIO_USDT,2026-06-30 18:45:00+00:00,0.03038,1.0,32.85055957867018,80.0,4,demon_strong,"A1,A2,A3,B2,C2,D2,",0.03118,2.6333113890717534,2026-07-01 09:35:00+00:00,0.0294,time_dud,-3.225806451612909,-0.03419354838709687,14.833333333333334,v4_strong
HOME_USDT,2026-06-30 23:00:00+00:00,0.01794,1.0,55.6298773690078,80.0,4,demon_strong,"A1,A2,A3,B1,B2,C2,D2,",0.01798,0.2229654403567356,2026-07-01 11:00:00+00:00,0.01736,time_dud,-3.232998885172802,-0.03426532887402456,12.0,v4_strong
BAS_USDT,2026-07-01 12:40:00+00:00,0.059151,1.0,16.872073168670013,80.0,4,demon_strong,"A1,A2,A3,B1,C2,D1,D2,",0.062379,5.457219658162997,2026-07-01 15:15:00+00:00,0.050176,hard_stoploss,-15.173031732346034,-0.1534268566888134,2.5833333333333335,v4_strong
