pair,entry_time,entry_price,stake,amount,score,cats,tag,triggered,max_rate,peak_profit_pct,exit_time,exit_price,exit_reason,profit_pct,net_profit_usd,hold_hours
TAIKO_USDT,2026-06-02 16:10:00+00:00,0.101,1.0,9.881188118811881,65.0,4,demon_buy,"A2,B1,B2,C2,D1,D2,",0.1015,0.4950495049504955,2026-06-03 13:40:00+00:00,0.09978,time_dud,-1.2079207920792205,-0.014055049504950623,21.5
NFP_USDT,2026-06-03 05:45:00+00:00,0.009924,1.0,100.56428859330914,67.0,4,demon_buy,"A1,A3,B1,B2,D2,",0.010278,3.5671100362756967,2026-06-03 23:45:00+00:00,0.009487,time_dud,-4.40346634421604,-0.04594659411527613,18.0
NFP_USDT,2026-06-04 02:25:00+00:00,0.008716,1.0,114.50206516750804,65.0,4,demon_buy,"A2,B1,B2,C2,D1,D2,",0.008993,3.178063331803574,2026-06-04 20:25:00+00:00,0.00815,time_dud,-6.493804497475912,-0.06680816888480956,18.0
NFP_USDT,2026-06-05 11:25:00+00:00,0.008735,1.0,114.25300515168861,72.0,4,demon_buy,"A1,A2,B2,D2,",0.01094,25.243274184315972,2026-06-05 16:40:00+00:00,0.009865,pullback,12.936462507155133,0.1271058958214082,5.25
NFP_USDT,2026-06-05 16:40:00+00:00,0.009865,1.0,101.16573745565128,65.0,4,demon_buy,"A1,A3,B2,D1,D2,",0.009865,0.0,2026-06-06 02:50:00+00:00,0.008673,time_sharp_drop,-12.083122149011661,-0.12258955904713642,10.166666666666666
NFP_USDT,2026-06-06 16:00:00+00:00,0.00844,1.0,118.24644549763033,65.0,4,demon_buy,"A1,A3,B1,C2,D1,D2,",0.008583,1.69431279620854,2026-06-07 10:00:00+00:00,0.008289,time_dud,-1.7890995260663518,-0.01985521327014217,18.0
TAIKO_USDT,2026-06-06 06:00:00+00:00,0.08541,1.0,11.684814424540452,65.0,4,demon_buy,"A2,B1,B2,C2,D1,D2,",0.08831,3.395386957030792,2026-06-07 18:35:00+00:00,0.08709,time_stale,1.966982788900598,0.01763048823322788,36.583333333333336
SLX_USDT,2026-06-24 07:15:00+00:00,0.29265,1.0,3.4102169827438917,84.0,4,demon_strong,"A1,A2,A3,B2,C2,D1,D2,",0.31143,6.417221937467953,2026-06-24 17:55:00+00:00,0.25218,time_sharp_drop,-13.828805740645825,-0.1400114812916453,10.666666666666666
BAS_USDT,2026-06-24 09:15:00+00:00,0.036287,1.0,27.502962493454955,75.0,4,demon_buy,"A1,A3,B1,B2,C2,D1,D2,",0.044853,23.60625017223798,2026-06-24 21:10:00+00:00,0.03997,pullback,10.149640367073605,0.0992934108633945,11.916666666666666
VSN_USDT,2026-06-24 05:15:00+00:00,0.03231,1.0,30.888269885484373,67.0,4,demon_buy,"A2,B1,B2,C1,D2,",0.03247,0.4952027236149812,2026-06-24 23:15:00+00:00,0.03185,time_dud,-1.4237078303930522,-0.016208604147322614,18.0
AERO_USDT,2026-06-24 21:35:00+00:00,0.5195,1.0,1.921077959576516,70.0,4,demon_buy,"A1,B1,B2,C2,D2,",0.5345,2.8873917228103974,2026-06-25 15:35:00+00:00,0.4718,time_dud,-9.18190567853705,-0.09363541867179981,18.0
PRO_USDT,2026-06-24 23:35:00+00:00,0.3731,1.0,2.674886089520236,70.0,4,demon_buy,"A1,A2,A3,B2,D2,",0.3829,2.6266416510319033,2026-06-25 17:35:00+00:00,0.3466,time_dud,-7.102653444116851,-0.07288448137228609,18.0
VVV_USDT,2026-06-25 17:35:00+00:00,14.1473,1.0,0.07054349593208599,70.0,4,demon_buy,"A1,A3,C2,D2,",14.422,1.9417132597739573,2026-06-26 11:35:00+00:00,13.5927,time_dud,-3.9201826496928667,-0.04112342284393489,18.0
VELVET_USDT,2026-06-24 17:55:00+00:00,0.47019,1.0,2.122546204725749,72.0,4,demon_buy,"A1,A2,B1,B2,D2,",0.64377,36.91699100363682,2026-06-26 14:55:00+00:00,0.57423,pullback,22.12722516429529,0.21882970713966698,45.0
B_USDT,2026-06-26 11:35:00+00:00,0.23622,1.0,4.224875116416899,86.0,4,demon_strong,"A1,A2,A3,B1,B2,C2,D2,",0.2468,4.478875624417906,2026-06-27 13:20:00+00:00,0.2334,time_dud,-1.1938023876047823,-0.013914147828295698,25.75
AAVE_USDT,2026-06-24 11:15:00+00:00,73.87,1.0,0.013510220657912549,76.0,4,demon_buy,"A2,A3,B1,B2,D2,",98.08,32.773791796399074,2026-06-27 23:15:00+00:00,94.62,time_max,28.089887640449433,0.27833707865168544,84.0
ZIG_USDT,2026-06-26 14:55:00+00:00,0.04607,1.0,21.662687215107447,80.0,4,demon_strong,"A2,A3,B1,B2,D1,D2,",0.0469,1.8016062513566256,2026-06-28 02:55:00+00:00,0.0462,time_stale,0.28217929238115513,0.0008161493379639229,36.0
XPL_USDT,2026-06-25 15:35:00+00:00,0.09592,1.0,10.404503753127607,69.0,4,demon_buy,"A1,A3,B2,C2,D1,D2,",0.10999,14.668473728106754,2026-06-28 03:35:00+00:00,0.10163,time_weak,5.952877397831519,0.05740971643035864,60.0
HMSTR_USDT,2026-06-27 13:20:00+00:00,0.000187,1.0,5336.898395721925,86.0,4,demon_strong,"A1,A2,A3,B1,B2,D1,D2,",0.0001882,0.6417112299465252,2026-06-28 07:20:00+00:00,0.0001788,time_dud,-4.385026737967905,-0.04576256684491964,18.0
EPIC_USDT,2026-06-27 23:15:00+00:00,0.4596,1.0,2.1714534377719756,70.0,4,demon_buy,"A2,B1,B2,C2,D2,",0.4608,0.26109660574412075,2026-06-28 17:15:00+00:00,0.4413,time_dud,-3.9817232375979077,-0.04173759791122711,18.0
LAB_USDT,2026-06-28 02:55:00+00:00,17.423,1.0,0.05728060609539116,80.0,4,demon_strong,"A1,A3,B1,C2,D1,D2,",18.151,4.178384893531549,2026-06-28 20:55:00+00:00,16.826,time_dud,-3.426505194283406,-0.03619652183894839,18.0
ZORA_USDT,2026-06-28 04:55:00+00:00,0.0075,1.0,133.06666666666666,80.0,4,demon_strong,"A1,A3,B1,B2,C2,D2,",0.007817,4.226666666666661,2026-06-28 22:55:00+00:00,0.0072,time_dud,-3.9999999999999996,-0.04192000000000007,18.0
WAL_USDT,2026-06-28 07:20:00+00:00,0.03343,1.0,29.853425067304816,90.0,4,demon_strong,"A1,A2,A3,B1,B2,C2,D1,D2,",0.03399,1.6751420879449537,2026-06-29 01:20:00+00:00,0.03177,time_dud,-4.965599760693992,-0.051556685611726105,18.0
OPG_USDT,2026-06-28 17:15:00+00:00,0.13282,1.0,7.513928625207048,68.0,4,demon_buy,"A3,B2,C2,D2,",0.13874,4.4571600662550885,2026-06-29 13:40:00+00:00,0.1314,time_dud,-1.0691160969733509,-0.012669778647794061,20.416666666666668
H_USDT,2026-06-28 20:55:00+00:00,0.06154,1.0,16.217094572635684,68.0,4,demon_buy,"A1,A3,B2,C2,D2,",0.07633,24.033149171270715,2026-06-29 20:00:00+00:00,0.06847,pullback,11.260968475788115,0.11038446538836544,23.083333333333332
EPIC_USDT,2026-06-29 13:40:00+00:00,0.4523,1.0,2.2065001105460977,80.0,4,demon_strong,"A2,B1,B2,C2,D1,D2,",0.4584,1.3486623922175536,2026-06-30 07:40:00+00:00,0.4477,time_dud,-1.017024099049302,-0.012149900508512057,18.0
FARTCOIN_USDT,2026-06-29 01:20:00+00:00,0.13478,1.0,7.404659445021516,67.0,4,demon_buy,"A1,B1,B2,D1,D2,",0.14605,8.361774744027304,2026-06-30 13:20:00+00:00,0.13628,time_stale,1.1129247662858,0.009106989167532165,36.0
BEAT_USDT,2026-06-28 23:10:00+00:00,2.6786,1.0,0.37258269245128056,65.0,4,demon_buy,"A1,A3,B1,B2,C2,D2,",2.8771,7.41058762039872,2026-06-30 15:05:00+00:00,2.6862,time_stale,0.28373030687672857,0.000831628462629963,39.916666666666664
ARIA_USDT,2026-06-30 07:40:00+00:00,0.02739,1.0,36.43665571376415,80.0,4,demon_strong,"A1,A3,B1,B2,D1,D2,",0.0283,3.322380430814157,2026-07-01 01:40:00+00:00,0.02636,time_dud,-3.7604965315808676,-0.03952975538517711,18.0
DEXE_USDT,2026-06-29 20:00:00+00:00,23.073,1.0,0.043254019850041174,74.0,4,demon_buy,"A1,A2,A3,B2,C2,D2,",23.463,1.6902873488493069,2026-07-01 04:15:00+00:00,22.658,time_dud,-1.7986391019806665,-0.01995041823776711,32.25
AIOT_USDT,2026-06-30 13:20:00+00:00,0.05846,1.0,17.071501881628464,86.0,4,demon_strong,"A1,A2,A3,B1,B2,D1,D2,",0.0612,4.686965446459117,2026-07-01 07:20:00+00:00,0.05548,time_dud,-5.097502565856991,-0.05287307560725274,18.0
SPCX_USDT,2026-06-30 15:20:00+00:00,154.57,1.0,0.006456621595393673,86.0,4,demon_strong,"A1,A2,A3,B1,B2,D1,D2,",156.11,0.9963123503914216,2026-07-01 13:00:00+00:00,152.81,time_dud,-1.138642686161604,-0.013363654007892856,21.666666666666668
EPIC_USDT,2026-07-01 13:00:00+00:00,0.526,1.0,1.897338403041825,80.0,4,demon_strong,"A1,A2,A3,B2,D1,D2,",0.5267,0.1330798479087306,2026-07-01 23:15:00+00:00,0.4626,time_sharp_drop,-12.0532319391635,-0.12229125475285174,10.25
